i_in,q_in,i_out,q_out
-0.005793614320713279,-0.018662522353041645,-0.05791131821889421,-0.18657042472970062
-0.004053063841962706,-0.018553114552691544,-0.036780634033541613,-0.18664065190481133
-0.0020120633129286063,-0.018008584345231605,-0.016399396243585756,-0.18085248730371578
0.00019372662615575785,-0.017032068579041514,0.005543210709789537,-0.17068587558764584
0.002417184434815624,-0.015650286684143963,0.0275773558942221,-0.15643409443491563
0.004509345596719696,-0.01391608158339325,0.0482190140006816,-0.13865416047273021
0.006329056426293006,-0.011909248399747007,0.06606712331116513,-0.11817332575922064
0.007752006280500379,-0.009735336853312796,0.07989427622036228,-0.09607516142445066
0.00867853567398343,-0.0075222655827040085,0.08872473883852189,-0.07366377536299291
0.009039715259023959,-0.005414763501871133,0.09189463494674255,-0.05240651115371739
0.00880132279959522,-0.003566840679426724,0.08909055384495138,-0.03385733706094977
0.007965501844510356,-0.0021326736960427103,0.08036451602390064,-0.019564899305157847
0.0065700547765933605,-0.0012564524617018694,0.06612500359833239,-0.010970738529657485
0.004685491481166733,-0.0010618626703477593,0.04710548222126962,-0.009304334014097497
0.002410110428226679,-0.0016419584004049772,0.024313370062331047,-0.01548236329997193
-0.00013647995632231746,-0.003050204194442599,-0.001036361070599354,-0.030019799235701257
-0.002820894573915678,-0.005293430807740501,-0.027597903044995944,-0.052960193362136664
-0.00550399794842783,-0.008327353886474254,-0.053976116896224426,-0.08383170454841737
-0.008048849364323835,-0.012055155053249993,-0.0788071801156039,-0.12163410982261122
-0.01032802420614532,-0.016329429649453785,-0.10083294630664255,-0.164860166568706
-0.012229840989080764,-0.02095757796488905,-0.11896412024911464,-0.21155230697214733
-0.013663129714338421,-0.025710473330038827,-0.1323282079307186,-0.25939285959032105
-0.014560308149453204,-0.03033399881906819,-0.1402994009192738,-0.30582307457222985
-0.014878677382279668,-0.034562822740717904,-0.14250908681610494,-0.348183576174355
-0.01459999453013891,-0.03813559877535745,-0.13883745530256777,-0.38386692043993215
-0.013728516812812145,-0.04081064437265493,-0.12938850506039748,-0.4104720340053369
-0.012287826302885487,-0.04238108212670143,-0.11445238331592464,-0.4259505381860673
-0.010316829390533709,-0.04268843008860157,-0.09446012534705465,-0.42873609476281194
-0.007865372777635939,-0.0416337000826953,-0.06993629795156023,-0.4178494845575179
-0.004989925205671444,-0.03918520449376235,-0.04145472688445949,-0.3929736521309597
-0.0017497410792846578,-0.03538247301192762,-0.00960151289974363,-0.3544941339216096
0.0017961479704236482,-0.030335928244091433,0.025051841153648953,-0.3035012131068779
0.005590868248302364,-0.02422224609117055,0.06196386023289316,-0.24175123238536317
0.009580442768853689,-0.017275614098085312,0.10062709166448364,-0.17158628429394251
0.013713343323526578,-0.009775378336141052,0.14056170957620923,-0.09581432265312394
0.017938997009999517,-0.0020308169675178353,0.18130048827134335,-0.017555467830085318
0.02220550671252934,0.005636021410904021,0.22236737486201538,0.05993573879818343
0.02645693934633213,0.012908338863263459,0.26325224511924156,0.13345911024721965
0.03063059711542479,0.01949232771299004,0.30338476569735834,0.20005396044607113
0.03465470940077185,0.025133500205405154,0.34211064114440026,0.2571664233279336
0.038446963276859265,0.029630569534229993,0.3786738315221103,0.30278713784233363
0.04191422969259273,0.03284600455430075,0.4122084404653933,0.33555109680770706
0.04495374425672008,0.03471260173074517,0.4417437117715021,0.3547953229303
0.04745587383175516,0.03523568389490212,0.46622478309255466,0.3605733718399215
0.04930845298174428,0.03449082755567777,0.484550476904491,0.35362811931515037
0.050402519891238846,0.03261731834874787,0.49562756006395975,0.33532599404880903
0.05063913280107304,0.029807816811487215,0.49843882386673977,0.30755717533189253
0.04993681832896519,0.026294964300691715,0.49212037236461065,0.2726076733430061
0.048239104136002485,0.022335854340936385,0.47604199962163896,0.2330107755818986
0.04552152997682329,0.018195424626415435,0.4498837187116082,0.1913868857263623
0.04179751993353198,0.014129880681494355,0.4137014351748071,0.1502819194187683
0.03712253764797306,0.010371240561330219,0.36797533159146734,0.11201479921666309
0.03159603472099819,0.007113993259499846,0.3136355641965376,0.07854404899610025
0.025360835214158092,0.0045046993656792,0.25206121338027393,0.05136210175142167
0.01859976771452758,0.002635143432338426,0.18505002757480016,0.03142392118171447
0.011529548914255417,0.0015393897388385367,0.11475839808091949,0.019114116615568617
0.0043921250328444765,0.00119481556373197,0.04361324362572343,0.014254041692823556
-0.0025561256439329567,0.0015269187756188646,-0.02580001540384721,0.016147491711635722
-0.00905674969927137,0.0024174393398798556,-0.09086673578883137,0.023660678540987704
-0.014862414502304308,0.0037151153039291108,-0.14908091823599476,0.03532942464936071
-0.019750128546976022,0.005248228033535727,-0.1981819124527808,0.049484364557859664
-0.02353363330177612,0.006837989899490367,-0.236280312085943,0.06438376128177832
-0.0260741357100218,0.008311796379996857,-0.2619646087330094,0.07834355101070146
-0.02728863314932528,0.00951540453389317,-0.27438211496330606,0.08985533735530604
-0.027155221575969852,0.010323206663117144,-0.2732897793634043,0.09768490043795697
-0.025714964024232845,0.010645932528021778,-0.2590723456785125,0.10094587697534271
-0.023070118106467856,0.010435322420891485,-0.2327266985292713,0.09914521618253673
-0.01937876227358109,0.009685550406380031,-0.19581238663605463,0.09219869421668783
-0.014846104171750316,0.008431423976804442,-0.15036962705651183,0.08041631629648724
-0.009712982782884606,0.006743624705649397,-0.09880792209993994,0.06445910818857778
-0.004242272295772147,0.004721466651440173,-0.04377081400510827,0.04527075440386905
0.0012959549378586304,0.002483819980119588,0.01201508681201079,0.02398967564204896
0.006639557959236836,0.00015896463984491635,0.06589646973920356,0.0018490819541736522
0.011548775515702794,-0.0021258047278200735,0.11544363252231873,-0.019926195310140463
0.015819062286394847,-0.004254009042398949,0.1585836033148431,-0.04021707555471429
0.019291490885981366,-0.006128506155712093,0.1937066866823933,-0.05809371381079318
0.021860064665053743,-0.007678084159251639,0.21973975268551915,-0.07287883927424404
0.023475500172373397,-0.00886167689575932,0.2361826453092939,-0.08418698735851683
0.024145283386807284,-0.00966995201439909,0.2431069485408721,-0.09193798359825764
0.023930062742551245,-0.010124236538925292,0.24111873624162997,-0.09634508620570045
0.022936695728936342,-0.010272957194110179,0.23128885655006473,-0.0978798968235178
0.021308495918792348,-0.010185966203387551,0.215055939342145,-0.09721757801173207
0.01921341684403105,-0.009947283191795744,0.19410882145223882,-0.09516716068617502
0.01683104435384556,-0.009646898291077238,0.17025645384066856,-0.09259278315174847
0.01433934016153788,-0.009372342344865165,0.14529440148802042,-0.09033245575110292
0.011902081209420651,-0.009200733343929271,0.12087749723506065,-0.08912121399766833
0.009657872444984346,-0.009191954524370577,0.09840784780727206,-0.08952517287896765
0.007711479976743247,-0.009383514021349905,0.0789461610300537,-0.09189200791471935
0.0061280475166139246,-0.00978748767650331,0.06315240084448313,-0.09632187617367186
0.004930535677448002,-0.010389767893441149,0.0512593384979831,-0.10266094639286204
0.004100478164737766,-0.011151646930863785,0.04307993935987686,-0.11051773844040812
0.0035818998796151116,-0.012013568429475329,0.03804694440396901,-0.11930055145175204
0.0032880083103659884,-0.012900701868642997,0.035280646355759136,-0.12827251907672396
0.0031100689272144984,-0.013729845275903376,0.033678852891235365,-0.13661938136787646
0.002927722570480642,-0.014417053650102232,0.03202149247286766,-0.14352401603238008
0.0026199092087924774,-0.014885332632179952,0.029081368755356815,-0.14824122850412558
0.002075534471399787,-0.01507173339172401,0.02373229590426043,-0.15016632317747156
0.0012030544187112745,-0.014933235590039038,0.015046274585073561,-0.14889156043111734
-6.174372875854565e-05,-0.014450906410790394,0.002372438811918114,-0.14424566426509855
-0.0017503304762681335,-0.013631966822279178,-0.014607908621151787,-0.13631295473024538
-0.0038587599195404713,-0.012509569933657337,-0.035853903704961054,-0.12543030568580307
-0.006347876352754522,-0.011140286598788324,-0.06096693378134793,-0.11216186728481317
-0.009146314383980416,-0.009599485052560926,-0.08922095256547669,-0.0972532652440391
-0.01215598535186483,-0.007974968954753301,-0.11961835894063885,-0.08156871163475055
-0.015259551299814895,-0.006359387461538468,-0.15096644600907982,-0.06601601237064841
-0.018329239647569655,-0.004842039735403066,-0.1819677457068274,-0.05146566837732022
-0.02123625838691199,-0.003500755676846781,-0.21131649046270773,-0.03867096480670379
-0.02386003999213466,-0.0023945395044682447,-0.23779304385624245,-0.02819600019707918
-0.02609657410364232,-0.0015576122755798854,-0.2603485695602472,-0.020358000934873183
-0.027865181063629108,-0.000995387023941176,-0.27817333635528135,-0.015189083941967179
-0.029113222314864587,-0.0006827634831559846,-0.2907437175588671,-0.012421037823525233
-0.029818427070674586,-0.0005649494753759594,-0.29784491339970715,-0.011494873064448137
-0.029988721901771615,-0.0005608167678689942,-0.2995685015431621,-0.01159499682839098
-0.02965966344913661,-0.0005685959573357973,-0.2962859538355126,-0.01170600383036039
-0.028889776401329365,-0.0004735236054748803,-0.2886011424155375,-0.010688324789490711
-0.027754272246901773,-0.00015689052006503642,-0.2772865059570954,-0.007367431544318851
-0.02633775464532826,0.0004941840836722952,-0.2632088525081305,-0.000630081690321832
-0.02472659371542999,0.001577001597324098,-0.24725161707269694,0.010479677910276939
-0.023001667834665448,0.003164322255851153,-0.23024065660646204,0.026672244270001484
-0.021232126481190126,0.005296916693502849,-0.21288028791461153,0.04833905660798445
-0.019470725244153664,0.007978256374800555,-0.19570526800376953,0.07550027242187063
-0.017751133277401843,0.01117182002102686,-0.1790528754923948,0.10777834223835206
-0.016087427244600848,0.014801305398789188,-0.163057329946219,0.1444005188062939
-0.014475780356240354,0.01875382245010417,-0.1476666687452324,0.18423123851004966
-0.012898148334179089,0.02288592051047099,-0.1326800809292078,0.2258330042881786
-0.011327564207210355,0.027032085998685007,-0.11780176124894512,0.2675520423455038
-0.00973449760334593,0.03101515386308549,-0.10270576775313571,0.30762283832334986
-0.008093625792522648,0.03465792106830155,-0.08710528755224685,0.3442839651459433
-0.006390313318809488,0.037795145652845794,-0.07081923619655726,0.3758966401749983
-0.004626109943875969,0.040285068909061535,-0.05382927130540036,0.40105731093567293
-0.0028226527170362335,0.04201961527043485,-0.036321059849211385,0.41869620740597246
-0.0010234917489459765,0.04293250413007059,-0.018704920648466905,0.428155008551735
0.0007064599161039579,0.043004644996559066,-0.001612665958918627,0.42923829590680446
0.0022839389243380645,0.04226637273996216,0.014130519530340396,0.42223511647524614
0.0036126660550496884,0.04079630015392645,0.027558112753973383,0.40790868973269334
0.004590639798739632,0.038716804901300014,0.03763488527202707,0.3874541163417193
0.005118829163378361,0.036186409784443374,0.04334469312179155,0.3624259421017399
0.005110551200283834,0.0333895415436807,0.04378621981465922,0.3346395711948927
0.004500721399184769,0.030524347385010968,0.038268301937162214,0.3060526359077576
0.003254135145916965,0.02778939574312922,0.026396061459920142,0.2786342355703866
0.0013719805332963594,0.02537017727139947,0.008139482788302977,0.2542311699304868
-0.0011041043408382776,0.02342634673069839,-0.01612275121972459,0.23444072868997345
-0.004090940174888667,0.022080604016834007,-0.045589544881734764,0.22049923017856157
-0.007465965080328047,0.021410005589283354,-0.07905689656535562,0.21319442335634647
-0.011072666713424552,0.021440333322998172,-0.11497110798295826,0.2128082194427874
-0.014729039163174302,0.022143937784034576,-0.15151335705406285,0.21909412147655088
-0.018238553269850483,0.0234412319950193,-0.18671045464349723,0.2312912613087528
-0.021402898526173428,0.025205757083217394,-0.2185640096751038,0.24817424661449672
-0.02403557637898782,0.02727249102940374,-0.24518821296340376,0.26813526749048244
-0.025975315030359256,0.0294488440295504,-0.2649453409912915,0.28929241906828096
-0.0270982460014026,0.031527595131683225,-0.27656806706705345,0.3096163035747803
-0.0273278378263598,0.0333008884222543,-0.2792587181052807,0.32706592920258915
-0.02664172056219819,0.0345743329321318,-0.272757483551235,0.3397247655575358
-0.02507474778913136,0.03518024392694545,-0.25737391280257493,0.3459283626106828
-0.02271791560408089,0.03498912475438187,-0.23397852197768973,0.3443758805908449
-0.019713070683534267,0.03391861342200091,-0.20395383039555115,0.3342189413848187
-0.016243667963329135,0.03193929744845669,-0.1691066957997997,0.3151223110307141
-0.01252215706444467,0.029077021208725823,-0.13154651055084876,0.28729218555551406
-0.008774859589267906,0.025411555945357385,-0.09353665057812102,0.2514695146820224
-0.005225423277531812,0.021071756013882264,-0.05732930944609027,0.20888801880103688
-0.002078084288715705,0.016227567461512785,-0.02499607295019616,0.16119925962830112
0.0004979781490181783,0.011079469262381257,0.0017321926914924965,0.11036997192740686
0.0023819565633646763,0.005846098160387091,0.021602703932991296,0.058559353514276574
0.00351130559065643,0.0007509230889923091,0.03394350238727614,0.007985683208430195
0.0038873475703603408,-0.003991113311577813,0.03872246776015544,-0.03920775637206074
0.0035760402458755976,-0.008186083607973587,0.03655704369188226,-0.08107790475428811
0.0027037119650340927,-0.011671872286479413,0.02867302114670724,-0.11598998472463087
0.0014479530106614247,-0.014326595668213695,0.016814628552542857,-0.14270181950623084
2.423041303480219e-05,-0.01607414578760968,0.0031118464887076682,-0.16041982350765985
-0.0013308617335102964,-0.01688657735810944,-0.010085885558094764,-0.16882420883387214
-0.002378521345387183,-0.016783291646078037,-0.02039776079564318,-0.16806313074987086
-0.00289743355904617,-0.01582720434434911,-0.025607851982613075,-0.1587176460861021
-0.0027027528319583825,-0.014118298876996647,-0.02385500243692439,-0.1417413347394616
-0.0016628985409383804,-0.011785146055396784,-0.013801995137772128,-0.11838005820130043
0.0002871804334484557,-0.008975102506255777,0.00522927777509379,-0.09007845972879498
0.0031373822476912705,-0.005843974444363988,0.033168005109533154,-0.05838040295509394
0.0067992557655855036,-0.0025459452824982288,0.06915867475425275,-0.024830647208578926
0.011108626568752094,0.0007754847904115235,0.11158448192109814,0.009115253580079035
0.015834011609232673,0.003994906999412627,0.15815072448622575,0.04216653356997914
0.02069035378222797,0.0070102758376511575,0.2060239066513903,0.07325309661485989
0.025357199569926155,0.009745752000540679,0.25201699588478005,0.10155810539692685
0.029500093164142597,0.012152035064544906,0.29280666482681206,0.1265257372116519
0.03279369662631098,0.014204318438751706,0.32516535918850054,0.1478449019146596
0.03494498904234448,0.015898198342934995,0.3461903030600896,0.16541202552009587
0.03571486174401439,0.01724403711365751,0.35351304714068527,0.1792779318218849
0.03493651593512878,0.018260405447319314,0.34547611421135205,0.18958515383821634
0.032529278430121863,0.018967298243996716,0.3212665364921318,0.1965026082469401
0.02850676641913929,0.019379828858509186,0.28099864963749344,0.2001645549884481
0.022978730723780226,0.01950305595154099,0.22574018448573274,0.20062026618291573
0.016146359815154325,0.01932848982510603,0.15747714395817716,0.19779989273479354
0.008291300414760576,0.018832669794125036,0.07901534347531508,0.19150059225924193
-0.00024089062953906466,0.017978013410312327,-0.006179224711894397,0.18139501234200325
-0.009061738926889915,0.016715927811551318,-0.09419285727509938,0.16706180105321075
-0.01776383620702087,0.014991960472326838,-0.18091417422451536,0.14803527350373386
-0.025946138312656793,0.012752568922041175,-0.2623007809044116,0.12386920370600452
-0.03323880055500786,0.009952923301699713,-0.3346390522400478,0.09420839658150025
-0.039325804567838504,0.006565036304395182,-0.39477496818884183,0.058861395515718756
-0.043963791423236004,0.0025854529122723495,-0.44029879917021253,0.01786815894068102
-0.04699579426552468,-0.0019582662229053528,-0.4696730049861973,-0.02844272970658477
-0.04835893938650332,-0.007002967547634658,-0.48229890479185156,-0.07941226664979573
-0.0480856293251075,-0.01244780586675618,-0.47852208855442235,-0.13402948304619314
-0.04629820169198472,-0.018155016717432422,-0.45957899926810086,-0.19093488133500647
-0.043197536661921915,-0.023953733654522344,-0.4274885715584388,-0.2484527902854164
-0.03904652810415273,-0.029646782881276312,-0.38489462753421316,-0.3046545006433653
-0.034149704586353344,-0.035020142463832026,-0.3348677838315696,-0.357450623340007
-0.028830558839185276,-0.039854523760764524,-0.2806797476161878,-0.4047070013404258
-0.023408297133578407,-0.043938337303234244,-0.22556692290589356,-0.44437485697825285
-0.01817574202292983,-0.04708116053337287,-0.17250269665565127,-0.4746237959810872
-0.01338001174835413,-0.04912674332116014,-0.12399754624132861,-0.4939663613688066
-0.009207366216238421,-0.0499645771635717,-0.0819430870960568,-0.5013647216876982
-0.005773271282441912,-0.04953911819680236,-0.04751119160331604,-0.49631279350495183
-0.003118316671521857,-0.04785588972546863,-0.0211136483498671,-0.4788894999424597
-0.001210160823470871,-0.04498388844511525,-0.0024226012452894605,-0.4497802797900916
4.8795595729026354e-05,-0.04105396646016407,0.009552289085215259,-0.41026450286714644
0.0008087500594670814,-0.036253141076564716,0.016337489954741866,-0.3621668987348509
0.0012559773440600918,-0.030815075887202517,0.019830579741898363,-0.30777240540323547
0.0015938631877378375,-0.025007258292377304,0.02210982070732733,-0.2497064933885807
0.0020230848276323503,-0.01911564906576768,0.025233783247874595,-0.19078674534709736
0.0027225799121874724,-0.013427779599781014,0.03104765996803935,-0.13385532819982443
0.003832863415361567,-0.00821540619977,0.04101254968453634,-0.08160483788648165
0.00544304624617746,-0.003717887095845171,0.05607193926309589,-0.03641103952640506
0.007582595976018992,-0.00012742115938396432,0.07656615038457215,-0.00018517224443710505
0.01021848470549214,0.0024228217969048524,0.10220122274729053,0.025743723548459267
0.013257923271086462,0.003866834099816038,0.1320741527057554,0.04070877342512564
0.016556420454248252,0.0042095698173157375,0.16475196665233752,0.04474258156336881
0.019930467479671202,0.0035261082770378423,0.1983979317992291,0.03856946695828197
0.023173767004464888,0.001956198372154416,0.2309343879508174,0.023552724469608124
0.02607563259579784,-0.0003054777313311347,0.26022844933018696,0.001599793431389935
0.02844000298781351,-0.0030226822016099237,0.28428458615415536,-0.02496873579478493
0.030103459952485076,-0.0059337435770897215,0.30142730555942643,-0.05357739441020005
0.03095071411399414,-0.008769330811952572,0.3104580666261578,-0.08157022193827698
0.030926223733721,-0.011270668006141595,0.31077306809079236,-0.10638896942608864
0.030040921627807984,-0.013206945229022944,0.3024321712695,-0.12574296318745432
0.02837342039756126,-0.014390735978943369,0.28617335475556976,-0.13775962238176903
0.026065514640823434,-0.014690371622341505,0.2633712573300218,-0.14110631533523793
0.023312264974669338,-0.014038437658562237,0.23594234460433194,-0.13507610230751155
0.02034739519321839,-0.012435830377729024,0.20620304972832587,-0.1196318636016915
0.017425124782523678,-0.009951125562006145,0.17669091798313138,-0.09540553356658318
0.014799862668587913,-0.006715340567092349,0.1499621591851356,-0.06365188449223061
0.012705379643859246,-0.00291249344662668,0.12838165296078716,-0.026159553786785812
0.011335140367690406,0.0012333456338339778,0.11392281638821644,0.014874525221638629
0.010825405245331366,0.005473575656114924,0.10799442373238359,0.056997998255826195
0.01124251255741528,0.00955205279900416,0.11130939456931555,0.09767174703643193
0.012575436926883225,0.013222349469438125,0.12380703658323343,0.13444179463154235
0.01473431570485135,0.016264085419211594,0.14463575815321802,0.16510213405607127
0.017555171531151895,0.018497215241787372,0.17219837407368319,0.1878373309757157
0.020810573392070694,0.019793319046085046,0.20425720519641877,0.20133558919124428
0.024225508139655134,0.020083172104639398,0.2380914907960259,0.20486526238331915
0.027497316798909655,0.019360147114471656,0.2706954565373187,0.19831046672253194
0.030318218245328273,0.017679308256621527,0.2990020591030655,0.18216443612584557
0.03239872356089757,0.015152366512422032,0.32011535367170124,0.15748239422336952
0.03349015543473964,0.011938957621532622,0.3315338802926163,0.12579867132632971
0.03340453608330706,0.008234956248362051,0.33134843453815127,0.08901519046185764
0.03203029126270229,0.004258734246848904,0.3183997544497805,0.04927001921811068
0.029342523402273238,0.00023639390563310464,0.29238453986911034,0.008795412603848689
0.025407010549880975,-0.003612949132624018,0.2539014538500355,-0.030225137916220085
0.020377558801274287,-0.007090795637748115,0.20443228170260777,-0.06579161226978907
0.014486837979812768,-0.010030880988611638,0.14625746407922446,-0.09620520485630966
0.008031324829379082,-0.01230803693339421,0.0823100046103457,-0.1201612455375498
0.0013514266972573603,-0.013843782205056155,0.015977154925990552,-0.13681093139015643
-0.005191773063330046,-0.014608389318108901,-0.04913537520092348,-0.14578783698675482
-0.011241447412053476,-0.01461944776959969,-0.1094577377775073,-0.147198283607648
-0.016469804723435597,-0.013937206174137948,-0.1617078656107067,-0.14157810456492956
-0.020600892336852503,-0.012657207392574414,-0.20312080286051346,-0.12982147789915366
-0.023429749070548695,-0.010900914128939848,-0.2316384191892659,-0.11308968994908891
-0.024836504885008697,-0.008805144622686481,-0.24604704199734906,-0.09270864074487176
-0.024794405153749675,-0.006511190985403078,-0.246055291384651,-0.07006371927458463
-0.023371192549866006,-0.004154474197645911,-0.2323085117520705,-0.04649977613065612
-0.02072377625373584,-0.001855503401280375,-0.20633955849303526,-0.023232754343216217
-0.017086617849796665,0.00028723804418470493,-0.17045883125225264,-0.0012783570803136576
-0.012754727660672486,0.0022020475394357924,-0.12758999447590483,0.018598097242598068
-0.008062559030529383,0.0038461853035615594,-0.08106201445289979,0.03590795634970733
-0.0033603815334271848,0.005205496705206215,-0.03437247755793243,0.05044085032472116
0.0010101145007965014,0.006291704672308471,0.00905941045286918,0.062243047525672814
0.004739192542398697,0.007137789916759682,0.04613029376852096,0.07157618038790317
0.0075697325848686735,0.007792020603594651,0.07426184061375221,0.07886179079358015
0.009313716849255358,0.008311281655414858,0.09156621631656785,0.08461822150205703
0.009863407429892087,0.008754380793429769,0.0969571518458383,0.08939660392694798
0.009196500538612748,0.00917597282560536,0.09020084971327676,0.09372218158646231
0.007375006309224114,0.009621650239819032,0.07190540426289474,0.0980461933434693
0.004538079648456405,0.010124606532548704,0.04345118446463734,0.10271221999847033
0.0008894794129654356,0.010704102760636394,0.0068680404132500095,0.10793936532525514
-0.0033192743553408922,0.011365774344638932,-0.035331393665815274,0.11382292023279349
-0.007808671863755314,0.012103622432111258,-0.0803496101138856,0.12035129734462759
-0.012292348034999779,0.012903360245435392,-0.12531771870722416,0.1274361838145484
-0.016497946446769936,0.013746646128624607,-0.16750717287369093,0.1349513084413257
-0.020186139046103748,0.014615644591081587,-0.20452254020376004,0.1427742328892759
-0.023166408825952348,0.01549732324277355,-0.2344602967786947,0.1508253261939567
-0.025308488370115043,0.016386920634981192,-0.25602239001473226,0.15909856117939236
-0.026548713487952794,0.017290105605956722,-0.26857788422943785,0.16767982391748265
-0.0268909678134987,0.018223485280947502,-0.27217058167902547,0.1767498382090093
-0.0264023274348044,0.019213294051880474,-0.2674745992322749,0.1865704009480775
-0.025203929744378326,0.02029229352261472,-0.2557033518233948,0.1974543044575815
-0.023457955123708366,0.021495114994751995,-0.2384803505055199,0.20972103695386274
-0.021351895708586532,0.022852462236311915,-0.21768275081271485,0.2236420271823575
-0.019081470982308984,0.024384744597484943,-0.1952705843716915,0.23938068941885263
-0.01683362232911238,0.02609581319021586,-0.17311578584453902,0.25693362868638614
-0.014770974262581262,0.027967514088032303,-0.15284516567813697,0.27607988495024965
-0.013018994599312488,0.029955745823560382,-0.1357102037937005,0.2963449011337553
-0.011656834020205311,0.03198861332333011,-0.12249402829946954,0.31698496784551716
-0.010712499453513151,0.033967112474618075,-0.11346249770242894,0.3369962964404625
-0.01016264338310581,0.03576857030572325,-0.10836233541880083,0.3551507377855463
-0.009936863702956863,0.03725282188068371,-0.10646517826858072,0.3700576865644156
-0.009926038004611872,0.03827084684195034,-0.10665254752428505,0.3802491352042912
-0.00999389221513413,0.03867533859090089,-0.10753343587992137,0.38428245977408176
-0.009990752005155578,0.03833246013825736,-0.10758369820893733,0.38085362248654586
-0.009768265710437587,0.03713387373781299,-0.10529495394685472,0.3689122608917824
-0.00919383114969969,0.0350080340062081,-0.09932035270127272,0.3477696323032614
-0.00816350847697669,0.03192971858114578,-0.08860525557842076,0.3171904545847604
-0.006612351074076411,0.027926842272057308,-0.07249243347100774,0.2774601356042003
-0.004521322274566386,0.023083758700606923,-0.05079352868992828,0.22941963733759785
-0.001920266318592209,0.01754048883975073,-0.023821093834493778,0.17446144425866136
0.0011132587893678539,0.011487612949987642,0.007621534438671889,0.11448216744035133
0.004459129885736569,0.005156899613892745,0.042291937912287754,0.05179054979046526
0.007963302773805386,-0.0011919029965363171,0.07859767759703697,-0.011025973602493454
0.01144918352851867,-0.0072873510470064995,0.11471489412046587,-0.07126803399301145
0.014730746058534491,-0.012864606487053797,0.1487256196875976,-0.12631176568536298
0.017626288944568965,-0.01768447171030306,0.17876117989665205,-0.17380134768177402
0.019971694193923296,-0.02155173668855585,0.20313889851816472,-0.21183042377184624
0.021632116790426495,-0.024331386969867336,0.22048076837900663,-0.23909772089449793
0.022511189509319296,-0.025961303168214586,0.22980535840526037,-0.2550251155643841
0.02255705764330294,-0.026460276726489342,0.23058729271812375,-0.259829603241641
0.021764842123466868,-0.02593046265483348,0.22278154670301242,-0.2545433155808759
0.020175441777106732,-0.024553769002633945,0.20681227864463472,-0.24097785134239258
0.0178708987874212,-0.02258211907743069,0.1835280541541533,-0.22163137817204204
0.014966838697262164,-0.020321984423442453,0.15412741423031592,-0.19954006279709796
0.011602732990114138,-0.01811403962938754,0.12006096983592683,-0.1780797804462233
0.007930898505976539,-0.016309198839970035,0.0829184374419783,-0.1607292749209448
0.0041052301665879505,-0.015242625204274916,0.04431079923022648,-0.150810808380467
0.0002706556180510746,-0.015207529985753051,0.005758507646381953,-0.15122756538701648
-0.003445795679978497,-0.01643067639413634,-0.031404025602812816,-0.1642179645824106
-0.00694159106961064,-0.019051462098535636,-0.06609949904874877,-0.19114582330843388
-0.010142479967703318,-0.023106271797213026,-0.09754926808966,-0.23234292077747887
-0.013003261789202063,-0.028519475811157324,-0.1252837281273822,-0.2870177638444513
-0.015505624429936436,-0.035102021452441096,-0.14912310300946358,-0.35324138438877223
-0.017653421403203792,-0.04255804911724789,-0.16913279767080594,-0.42801701913715023
-0.019465998660598192,-0.05049940020598019,-0.1855593032314157,-0.5074344936822038
-0.020970365632651027,-0.05846730943392367,-0.19875374600775156,-0.5869017485758568
-0.022193112214040044,-0.06596003210720701,-0.20909066555045155,-0.6614364195176116
-0.02315299421020771,-0.07246468848428354,-0.21688963678166487,-0.7259923460991046
-0.023855041800914644,-0.0774912490268776,-0.22234707643404097,-0.7757922650322908
-0.024286894483970787,-0.0806063655294725,-0.22548513094336628,-0.806640347454485
-0.024417844901507987,-0.08146469355027357,-0.226123953862915,-0.8151957372619709
-0.024200802526183382,-0.07983545968225549,-0.22388274379461431,-0.7991974310710317
-0.02357709077543524,-0.0756222992402964,-0.21821318765651795,-0.7576373277950061
-0.022483694786550074,-0.06887480996885731,-0.20846593998754784,-0.6908790086633373
-0.020862309210057783,-0.059790808232062745,-0.1939862750992806,-0.6007149257815566
-0.0186693212736185,-0.04870889924125935,-0.17422956511797685,-0.4903478295846048
-0.015885725013469364,-0.03609163872032664,-0.14888205590380196,-0.36427900068950947
-0.012525912709657055,-0.022500222731747854,-0.11796930549677595,-0.228090757731962
-0.008644336308146877,-0.008562247556463894,-0.0819351362475088,-0.08812476606028531
-0.004339173693957012,0.005065411932773944,-0.04167848035522215,0.04892274926671194
0.00024763761226622837,0.017736187019883467,0.001457012799328437,0.17644956030211442
0.004934340890482922,0.028853239877847315,0.04573765535836578,0.28839060164276337
0.009507276182349717,0.03790608255055237,0.08912975202244329,0.37960896363714797
0.013732417067886943,0.04450190794931268,0.12941395280072396,0.446201280515353
0.01736983201603701,0.04838949069025071,0.1643146440957789,0.48570266736133527
0.020190077201420242,0.04947400975778919,0.19163878250978864,0.49719276353928177
0.02199130259885397,0.04782175935777606,0.209421369733431,0.4813131063140613
0.022615721646520086,0.04365440600082053,0.21607438541514604,0.4402058197867781
0.021964071279382647,0.037333169937623124,0.21053198464776568,0.3773779088094951
0.02000677946121952,0.02933400622148949,0.19237887189745717,0.297490253715066
0.016790757901673968,0.020215484875703366,0.16194414155342357,0.20607090770519337
0.012441035565276941,0.010581575857815224,0.12034252521790816,0.10916023207403511
0.007156822568076426,0.0010418960208526916,0.0694501887278012,0.012908234737834177
0.0012020159667015967,-0.007827853588873317,0.0118118180389725,-0.07684314647347268
-0.005109404059167347,-0.015522553657343029,-0.04951337836842578,-0.1549535311718736
-0.011432221973402762,-0.021638942948623587,-0.11115051670275311,-0.21731613231220598
-0.017411849832370777,-0.02589940241422426,-0.16963255746810413,-0.26110081289566595
-0.022707698273188755,-0.028166682990968202,-0.2216292200300549,-0.284894052331773
-0.027016379353014243,-0.02844866114049043,-0.26416588692070886,-0.2887341751088176
-0.030093021733025593,-0.026892916994044728,-0.2948211863032394,-0.27404854775183174
-0.03176906781949892,-0.02377165205425294,-0.31189414707406377,-0.24350326040107417
-0.03196514032760319,-0.019458144600387976,-0.3145317211294819,-0.20077700145659436
-0.030697898310407933,-0.014396532145371729,-0.3028063814741576,-0.15027213560725552
-0.028080226611943253,-0.00906716907929209,-0.27773358269655846,-0.09677918129442303
-0.024314586903695787,-0.003950101375640695,-0.24122178500898736,-0.045115795739894805
-0.019679866564478014,0.0005106915224801272,-0.1959537282419118,0.00023382860229615669
-0.01451255475263118,0.0039397215811213596,-0.14520537312964038,0.03545091256926296
-0.00918351469972871,0.006056786819460397,-0.09261624580821817,0.0576587381882757
-0.004071972683843142,0.006696271933235007,-0.041929939217957055,0.06512276915374197
0.00046142117351022653,0.005817655718339096,0.0032745334479309654,0.057360757775426395
0.004100507014344295,0.0035065798906445426,0.03984048827374722,0.0351574651434984
0.006596598885653443,-3.347166907428857e-05,0.0652624256084021,0.00048572425475795387
0.007786824747609259,-0.00449815030098747,0.0778703827506851,-0.04365864405926115
0.0076064332542695266,-0.009506520273338794,0.07695660353345922,-0.09349558242603975
0.006094109431662069,-0.01463076287357725,0.06283427799157683,-0.1447559732519768
0.003389849431879566,-0.019429058078733574,0.036822268074015584,-0.19301145038001713
-0.0002745090604262101,-0.023479189059706647,0.001155404439827032,-0.23401353349155796
-0.004591460711894761,-0.026410391207703734,-0.04117345656455995,-0.26401546534435916
-0.009199571436837752,-0.027931126007105234,-0.08662715676486354,-0.28005186490403255
-0.013709226278821257,-0.027850787252655818,-0.13137669985635372,-0.2801559606551308
-0.01773052806078397,-0.026093816797533576,-0.1715732654618318,-0.2635006337799883
-0.020901324400127583,-0.02270528289486836,-0.20362066425114103,-0.2304562336983811
-0.02291332743614767,-0.0178476124347172,-0.2244304950810358,-0.18256392375785996
-0.02353442968948643,-0.011788821008501978,-0.23164389223719845,-0.12242786082779994
-0.022625600554366625,-0.004883203260821019,-0.22380517162828045,-0.05353337771439762
-0.020151149776260906,0.002454014963689831,-0.20047428431212594,0.019997588700876878
-0.016181636355042772,0.009776140501793214,-0.16226771345683152,0.0936978425906456
-0.010889246162760312,0.016636397890802623,-0.11082214018816096,0.1630721273027154
-0.004536017669109552,0.02261893401929791,-0.048681903636915734,0.22391540691987935
0.002544179789716088,0.027367205871269406,0.020880995549920036,0.27260619863172086
0.009968556619033727,0.03060774394899872,0.09409854203732283,0.306351147154552
0.017331494889706072,0.03216765762134647,0.16696946398174078,0.3233625275318532
0.024231896236276654,0.031984736674828415,0.23553103755591467,0.32295784676436295
0.030299789608722365,0.03010956744337116,0.2961193209752268,0.3055784228469009
0.035220283348942005,0.026699678629619812,0.34560050334036957,0.2727302887195706
0.03875317065719786,0.022006316105660253,0.3815598462030632,0.22685539477301872
0.040746847629935086,0.01635497407030333,0.40243805979123465,0.1711441770630704
0.041145650590320694,0.010121243371395573,0.40760777535770926,0.10930291412096434
0.03999022892700694,0.003703845807321,0.3973856020329804,0.04529156603924109
0.037411101084137845,-0.0025031149426610424,0.3729788043973517,-0.016949967235243068
0.033616053301630505,-0.008136648744291835,0.3363702232308624,-0.07376759448471706
0.02887249366371914,-0.012888230209728305,0.29015031932773405,-0.12203104245029009
0.02348623342917399,-0.01652240008513649,0.2373102177916147,-0.15932629539887352
0.01777840661184654,-0.018889410249204444,0.181013301007583,-0.18408866005863164
0.012062340217679072,-0.01993118600978093,0.12436451213087445,-0.1956681744829705
0.00662214531108358,-0.01968040253630336,0.07019595245856584,-0.1943251441613703
0.0016946184937681832,-0.01825299740158177,0.020884985633467343,-0.18115929930539862
-0.0025442593351089763,-0.015834928075876897,-0.021782457614214754,-0.15798088075742694
-0.005987339132820549,-0.012664395310192733,-0.05669478287499814,-0.12713572751303082
-0.008598409203513284,-0.009011060652819747,-0.08343961394371713,-0.09129921910124664
-0.010408451946948803,-0.005153967556444084,-0.10227091288823349,-0.05325575852755521
-0.011506587033191124,-0.0013599195466106283,-0.11402309772737826,-0.01568124816834359
-0.012026657185780552,0.002136024489219099,-0.11998116924320312,0.0190545104315058
-0.012130748148758974,0.00514649819178605,-0.12171944658692241,0.049050522394954346
-0.011991158032169056,0.00754310623459864,-0.12092398462751791,0.07299075332706897
-0.0117724262195919,0.009262326675486994,-0.11921479227162414,0.09020637286250774
-0.011614992112988994,0.010305781130746205,-0.11798352337599737,0.10068147759858909
-0.011621883941564224,0.01073507586220456,-0.11826053037477079,0.10500434830735211
-0.01184955299549188,0.01066184784485581,-0.12062233126294888,0.10427049339547897
-0.012303593541811701,0.010234019149573854,-0.12514692144734899,0.09994724482506036
-0.012939655123768127,0.009619542489455098,-0.13142020490420334,0.09371238432830718
-0.013669398302702088,0.008989090145536938,-0.1385923734880837,0.08728106416448259
-0.014370905137481989,0.008499186444080247,-0.1454786539461001,0.08223598735068409
-0.01490256827281625,0.00827720910721052,-0.1506948824320754,0.0798752842955921
-0.015119179420453072,0.008409495559905169,-0.1528152828561451,0.08109074245831327
-0.014888744204757472,0.008933504053014286,-0.15053793504510474,0.08628617643092681
-0.014108481679382102,0.00983462111558986,-0.1428428390420065,0.09534209656940681
-0.01271852884676743,0.011047806602760956,-0.12912813969005707,0.10762883922646795
-0.010712058015880283,0.01246385855054845,-0.10931180553241553,0.12206630916347767
-0.008140812303753686,0.013939695467086673,-0.08388871339780365,0.1372247081137319
-0.005115447497105002,0.015311724390497434,-0.05393658774599262,0.1514572773502216
-0.0018005053176382534,0.016411114941264567,-0.021068478383639917,0.16305338038924994
0.0015957020645746703,0.01707965170844767,0.01266581906297539,0.17039846785024185
0.004835581081800804,0.01718480032958821,0.04492226269238111,0.17212688076271
0.007670024181958201,0.016632698184058495,0.07323773345687729,0.1672542229273491
0.009858067119604429,0.015377961273641477,0.09522371555092361,0.15527809031900505
0.01118686546894177,0.013429468803966617,0.10876293509320473,0.13623895018109294
0.011490364036694563,0.01085162340442732,0.11219344196552093,0.11073643364930182
0.010665108848837963,0.007760959947175822,0.10446571775927091,0.07989981016643415
0.008681853556407333,0.004318358869913198,0.08526014940632237,0.04531471865897928
0.005591924766746995,0.0007174797871064755,0.05505445771792936,0.008911326290688162
0.0015277093450773436,-0.0028296608237496175,0.015133571466087627,-0.02717796427504917
-0.0033029204042865834,-0.006108812316076621,-0.032461696633937415,-0.06078039541450267
-0.00862795652401636,-0.008920019912794005,-0.08504586251337937,-0.08985123976686918
-0.014127640830447789,-0.011093236144215975,-0.1394528903185008,-0.11263442666307853
-0.019454749495273982,-0.012501761277662709,-0.19224075303778182,-0.12780149100631655
-0.024257329713401242,-0.013072433678320046,-0.23991983051031807,-0.1345569718374118
-0.02820224203757604,-0.012791749674435738,-0.27918666736793435,-0.13270184107480223
-0.030997789637415483,-0.011707415250673422,-0.3071452445186487,-0.12265071004639228
-0.03241377613597041,-0.009925192697733233,-0.32150049644529666,-0.10540262988737113
-0.03229752195066455,-0.007601275365817775,-0.3207122589873293,-0.08246868127243451
-0.030584670264477257,-0.004930773605733616,-0.3041011126684841,-0.05576208306755517
-0.027304004039385515,-0.0021331973995609454,-0.27190018996639037,-0.027458480366502624
-0.022575944068186235,0.0005639473398821712,-0.22524917237940242,0.00016421818062559417
-0.016604869685475372,0.002942188890806276,-0.16612915193094252,0.02489539952081266
-0.009665861527327176,0.00480844243675456,-0.09724048985127526,0.04475817516039085
-0.0020868740532889,0.006009439220675951,-0.021830447215421492,0.058159414079147355
0.005772327030766632,0.0064431398453086925,0.05651741079602789,0.06401069556697389
0.01354290562454581,0.006066276585073382,0.13411540694124052,0.06180971956772999
0.020869717878261106,0.004897470779354903,0.20740614369334023,0.051675409237549076
0.02743246901969611,0.0030157125959113236,0.2731795870748744,0.034334488299376666
0.032963790415035964,0.0005543448214310306,0.3287558848114426,0.011061869507400818
0.03726302777383825,-0.002308967701872013,0.372121441833778,-0.016418991204186432
0.04020488517522631,-0.005365501900065765,0.4020110810762513,-0.046066935355127646
0.04174248314185075,-0.008390956057271207,0.41793422109876927,-0.0756747500524949
0.04190482875028341,-0.011161971727237256,0.42014728778998295,-0.10303056882308467
0.040789126458149944,-0.013472459911925415,0.40957790932646987,-0.12607788179346271
0.038548745802514536,-0.015148523828090364,0.38770900574624595,-0.14306333097479623
0.035377976105882315,-0.016060892180585255,0.3564329229284395,-0.15266220431523128
0.031494914815186,-0.016133978917605728,0.3178873798375513,-0.15407282457604313
0.027123939246275475,-0.015350951151416051,0.2742860983262786,-0.14707297248779128
0.022479194817845608,-0.013754494850570547,0.22775733528596884,-0.13203409335738356
0.017750399632986007,-0.011443293729229073,0.18020290695638708,-0.10989217017454378
0.013092028235576262,-0.008564555225701057,0.13318856966849096,-0.08207754002913734
0.008616617576940305,-0.005303204376537927,0.08787385475794146,-0.0504092513986134
0.004392563245361653,-0.0018686004706061562,0.044985868019498776,-0.01696245762864946
0.00044637562912090895,0.001520204157954638,0.004837503641080711,0.016080507788755753
-0.0032310227131582842,0.0046495600044251665,-0.032613587931330124,0.046583580675038636
-0.006674723376715807,0.007325569111537459,-0.06767266217587078,0.07260313473228322
-0.009934022525318293,0.009386669252724189,-0.10079250972267548,0.09251615301217316
-0.013059598222534323,0.010713595220660604,-0.13244730447603276,0.10512166705852839
-0.016090972360212074,0.011236078374671091,-0.16300867904338445,0.10970926684409946
-0.019045516640512516,0.010935907188487845,-0.19263664669858518,0.1060912250254486
-0.02191011466857235,0.009846253979377379,-0.2211965464752831,0.09459745370360682
-0.02463634857631169,0.008047453994374626,-0.24821081090692035,0.07603499650276425
-0.02713975958854878,0.005659680982661973,-0.27285117947465254,0.05161604257743749
-0.02930336460328334,0.002833179075097313,-0.29397320050767584,0.02286053675398184
-0.030985226166199545,-0.0002631311711352583,-0.31019079930468607,-0.008518731811744054
-0.032029503532898324,-0.003453764778100514,-0.31998479868926544,-0.040739359832216604
-0.032280088913580654,-0.00656857762473889,-0.32183607459984986,-0.07207111630036923
-0.031595682750142046,-0.009453595118004546,-0.3143719189184434,-0.1009469272070605
-0.029865006214441676,-0.011980014509560844,-0.2965132974371017,-0.12605508133111268
-0.027020801510077037,-0.014050804868626234,-0.26761084384921435,-0.1464068124122451
-0.023051335635680084,-0.01560454062146303,-0.22755823567782643,-0.16137590993631923
-0.018008296444564788,-0.016616336578414527,-0.17687272687761432,-0.17070946991548375
-0.012010237706817155,-0.017095985422741603,-0.1167340303903232,-0.17451104508114237
-0.005241071308614955,-0.017083614178186945,-0.04897476938391707,-0.17319920704105315
0.0020565074413654272,-0.016643357633052584,0.023981181619332513,-0.16744594931802634
0.009592372156469155,-0.015855680759282138,0.09923171612111642,-0.1581005233937245
0.017044419707886428,-0.014809059735165345,0.17355468410759703,-0.1461052116679191
0.024077112348900715,-0.013591748006095118,0.24359955675891282,-0.13241008959751924
0.030361830021385088,-0.012284310684972962,0.30609662596611514,-0.11789384646062216
0.035597588313590285,-0.010953513118093883,0.358065929223643,-0.10329710164302076
0.03953062081343221,-0.009648007475439433,0.3970090135378947,-0.08917338403289769
0.041971383105958576,-0.008396087933481063,0.4210698329040053,-0.07586119046076314
0.042807705357372834,-0.00720559572207541,0.4291552660392523,-0.06347853888886598
0.04201308854733159,-0.006065866166599475,0.4210095765781214,-0.051939408396800356
0.03964948550598536,-0.004951436536704537,0.39723978055877757,-0.04098957172525575
0.03586430548587329,-0.003827089917063861,0.3592903969580315,-0.030257679417288484
0.030881799617172405,-0.0026537074978747978,0.3093672739188212,-0.019316140415164305
0.02498939229189097,-0.0013943470239397785,0.25031217582952964,-0.007745488901442365
0.018519889309451754,-1.9961842614334407e-05,0.18543321422180487,0.004804317505737782
0.011830789893226723,0.0014857780739087017,0.11830076453803332,0.018561747980883593
0.00528213436996096,0.0031230098350949827,0.05252315215465455,0.033595598966219296
-0.0007855825065651613,0.004873864692233493,-0.008480313091515675,0.049794151413216026
-0.006071917529656683,0.006702484435929678,-0.061690531050552985,0.06686289309162424
-0.010334015200260605,0.00855686924625066,-0.1046675059162195,0.08434034528844585
-0.013400011389974813,0.010372397955186949,-0.13568442807096182,0.10163011765569478
-0.01517745065013225,0.012076716623591496,-0.1538093901777926,0.1180462992416483
-0.01565623041310272,0.013595574123613213,-0.15893192481578597,0.13286857279336034
-0.014905982484802545,0.014859103242472214,-0.15173539001300154,0.14540286304250166
-0.013068199344796557,0.01580800862665259,-0.13361912599832962,0.15504282551649815
-0.010343780254911554,0.016399130956647367,-0.10657666017887187,0.16132712241312452
-0.006976983193755561,0.016609908620362573,-0.07303848855041338,0.16398740331745915
-0.003237001129738899,0.01644134883769477,-0.03569024398988973,0.1629824058777512
0.0006014805416550964,0.015919241633053888,0.002720910855453416,0.15851469502283203
0.004277352626779271,0.015093491892182457,0.039577602783645346,0.15102816656300055
0.007560450722767488,0.014035595189145203,0.0725672902506734,0.14118629171818559
0.010266059375069655,0.012834429910792857,0.09982859246966433,0.12983285503838346
0.012265629590267245,0.011590669784925359,0.1200592732666434,0.11793838236142065
0.013493089808523718,0.010410227067018649,0.13257978680376734,0.10653644776812783
0.013946468552670295,0.009397209454432233,0.13734999625039743,0.09665460501776352
0.013684894503011576,0.008646908207452928,0.13494012644115513,0.08924489784650239
0.01282137039133602,0.008239329056113352,0.12646001833821277,0.08511884362589722
0.011512006665103318,0.008233732577249468,0.11345329394073915,0.0848914763631837
0.00994262907037596,0.008664571179830532,0.09776512496591766,0.08893844593696479
0.00831382625057849,0.009539102570382544,0.08139386336332825,0.09736926672821722
0.006825570641635794,0.010836833477954392,0.06633768431697715,0.11001861040934292
0.005662526674145853,0.012510812590051528,0.054447445601056674,0.12645614412395714
0.004981059606924418,0.014490658540820352,0.0472961024042618,0.14601398587559783
0.0048987873404627,0.01668708738392491,0.046073308991210926,0.16782955132718747
0.0054872924091571,0.018997603023278662,0.05151150575655806,0.19090052475340624
0.006768351667529582,0.021312940440633206,0.06384712052363832,0.2141479581573919
0.008713768435142523,0.02352380978938145,0.08281777800226273,0.23648308667527082
0.011248627557431327,0.025527481463228877,0.10769381395844026,0.2568733226210242
0.014257557805377043,0.02723377740434277,0.13734006623906497,0.2744030404598031
0.017593394904907373,0.028570089028623905,0.1703019691236905,0.2883251934765458
0.021087504484113832,0.02948512194640098,0.20490852328549156,0.2981005133798794
0.024560954385570734,0.029951165273554077,0.23938387449849383,0.30342201184934486
0.02783572161969739,0.02996479089682265,0.2719591101240741,0.30422365484793634
0.030745176856965963,0.029545997378290667,0.300976498539207,0.30067329721175023
0.033143200097640706,0.028735916370804044,0.32497966819931373,0.2931511077719614
0.034911432510217943,0.02759328948081258,0.34278495932359043,0.28221566275376264
0.03596434630116242,0.026189994850529218,0.35353113032327643,0.2685605637674639
0.036252000605379725,0.024605951451654534,0.35670651418692484,0.25296483040964907
0.03576053078772101,0.02292375320617389,0.352154406731979,0.2362404562431772
0.034510576885731684,0.02122338451508274,0.3400588225984467,0.2191804515033886
0.03255398267423988,0.019577345306027113,0.32091374539694584,0.20251047323950622
0.02996918213193466,0.018046470540944128,0.2954796403567946,0.18684679328982068
0.02685573124126223,0.016676670630472665,0.2647313190455795,0.17266288955318027
0.02332844062245471,0.015496750465146097,0.22980126802712877,0.16026637427723547
0.01951152303033202,0.014517391128392149,0.19192229167327,0.14978731065337078
0.015533097099217361,0.01373130495641521,0.1523727945532725,0.1411782486877507
0.011520295183162905,0.013114506051422073,0.11242728280299849,0.13422558237826385
0.007595120274784865,0.01262857838633592,0.07331376789064925,0.1285711506753723
0.0038710964657660044,0.012223774976492695,0.036178807627179226,0.12374242995331226
0.0004506698465837227,0.01184274584378779,0.0020600282992773527,0.11918923803153042
-0.002576749331827661,0.011424670192579218,-0.028134756734934856,0.11432461149301856
-0.005136251317626982,0.010909558935984526,-0.0536432003641747,0.10856742954038412
-0.007168555816646735,0.010242496285216033,-0.07386040616206191,0.10138441969822444
-0.008630943740234522,0.009377601860366878,-0.08834869248348075,0.09232936001540792
-0.009498087246924377,0.008281515756824526,-0.09684620254662306,0.08107754919243484
-0.009762813697466597,0.006936236243358193,-0.09927483648896868,0.06745391221914847
-0.009436771362115584,0.005341171484559335,-0.09574727231472333,0.05145341629982299
-0.008550898954887792,0.003514301386510752,-0.08657212140122382,0.0332527770827176
-0.00715554705623164,0.0014923822429802629,-0.07225564439499525,0.013212742576446238
-0.005320065712041662,-0.0006698354511208323,-0.053498043544892036,-0.008129430917490198
-0.0031316652608985385,-0.0029013673345664936,-0.031182237221827044,-0.03007732824168462
-0.0006933801198046674,-0.005117686364949389,-0.006353266117133287,-0.05180214437586941
0.0018789821326986962,-0.007224258985775199,0.019812916159380387,-0.07237799546832656
0.004460944948923393,-0.009120802385946442,0.04605160442332536,-0.09082440653398853
0.006924459957317825,-0.010706102300890315,0.07106167887050667,-0.10615416059691796
0.009143827352931996,-0.011883196711389966,0.09356617013154815,-0.11742434296202256
0.011002161055742825,-0.012564700903575083,0.11237802700597015,-0.12378820718612968
0.012398023835297376,-0.012678025671116708,0.12646720473293593,-0.12454543567406118
0.0132517851066942,-0.012170225229860965,0.13502463600057013,-0.11918843384588389
0.013511215214308325,-0.011012206993887715,0.1375184189087433,-0.1074424178622439
0.013155831845501955,-0.009202043855935274,0.13373764601682464,-0.08929716797944498
0.012199560365671967,-0.006767152679331088,0.12381969127888066,-0.06502839846272129
0.010691359911749646,-0.0037651412493380646,0.10825747400060179,-0.03520678359086048
0.008713596387907443,-0.00028317986101844377,0.08788426475793765,-0.0006928856451640436
0.00637810344443613,0.0035641782263146644,0.06383502117811876,0.0373833112687423
0.003820051059290833,0.007638723593358483,0.03748502478699707,0.07765875385096221
0.0011899239877962526,0.01178377339218178,0.010368618353613813,0.11858891034032454
-0.001355916660042508,0.015830628288708883,-0.01591711253244678,0.1585126153711445
-0.0036654717745258315,0.019606034316312956,-0.039817114291534575,0.19572690084363437
-0.005601423377777065,0.022940301757243063,-0.05992382789082047,0.22856758141641217
-0.007050765933387466,0.02567566980552677,-0.07507518264161213,0.2554909088162173
-0.007932991895219857,0.027674463357558764,-0.08443738976821233,0.27515169200450057
-0.008206146838563647,0.028826571565662956,-0.087565912839898,0.2864737582682223
-0.007870202693816258,0.029055790048414076,-0.08443956517025134,0.28870925942658143
-0.006967382698909422,0.0283246112933232,-0.07546451274117386,0.28148388126395907
-0.005579295934283857,0.026637120099228077,-0.061446922893278806,0.2648253984154115
-0.0038209860310582005,0.024039749933400086,-0.04353506930142885,0.23917331760267355
-0.0018322485274744615,0.020619776689696168,-0.023133895668727266,0.20536779209838754
0.0002331960524137441,0.01650156146274901,-0.0017973112812841303,0.16461680854820504
0.002219890896687288,0.011840695016221977,0.018894326257825823,0.11844196174644904
0.003983270261858051,0.00681633408690974,0.03746228144882586,0.06860485586275546
0.005401730391948455,0.0016221437229476734,0.05265271017656623,0.017018020249155615
0.00638715429453227,-0.003543638841831549,0.06354464579993199,-0.03435416841175688
0.0068929861377212825,-0.008488432866977244,0.06963314701412138,-0.0835980297899094
0.006919112840108941,-0.013035216171331576,0.07087992823270883,-0.1289497519187555
0.006513038455570915,-0.017031489118289736,0.06772636915140189,-0.16888473609281968
0.00576711532541507,-0.020356738655705572,0.061066776624179836,-0.20219155970914304
0.004811904139165319,-0.022927929951056414,0.05218287777023341,-0.22802620966241108
0.0038060493281246396,-0.024702677255816888,0.04264354626891392,-0.2459435918709571
0.0029233516092386515,-0.025679896559592505,0.03417653439870043,-0.2559047417108924
0.002337971660948526,-0.02589791025698141,0.02852134148879659,-0.2582596224086303
0.0022088861580893777,-0.02543014679863425,0.02727413155791403,-0.25370688246052203
0.0026648225075008914,-0.0243787437656229,0.031736670590883725,-0.24323338978334963
0.0037909103917183346,-0.022866508827075378,0.04278148545827502,-0.22803767196746255
0.005618202494889315,-0.02102780858138465,0.06074481072332858,-0.20944246368101951
0.008117037006129351,-0.018999031310607917,0.0853573880909997,-0.1888023146670861
0.011194951667440844,-0.016909299908597856,0.11572083129708584,-0.16741259985472653
0.014699531132303722,-0.01487209267900119,0.1503340961928399,-0.14642626737942893
0.018426199755300816,-0.01297836293910463,0.18717070100950298,-0.1267842243039038
0.02213058811695397,-0.011291637640671613,0.2238029842833858,-0.1091643536776713
0.02554473296351197,-0.00984542814652107,0.25756534090405375,-0.09395277640933422
0.028396045804758817,-0.008643113371942502,0.2857446724063308,-0.08123920128500858
0.030427731518675716,-0.007660269330682289,0.305783831525845,-0.07083623929344858
0.03141917655669423,-0.006849233535844705,0.315482966133558,-0.06232065485311783
0.031204771777907522,-0.00614552168290653,0.3131842663323467,-0.05509292096321546
0.029689694756515103,-0.00547557067124551,0.297927180462771,-0.04845025178054388
0.02686134921020203,-0.0047651774728289555,0.2695630469441415,-0.04166746937124763
0.022795434936158293,-0.003947946003824759,0.22881989013311782,-0.03407950414020483
0.017655982202764778,-0.0029730488891805077,0.1773099643079064,-0.02515896245599502
0.011689104984425228,-0.001811658822663992,0.1174750930525319,-0.014582109650590872
0.005210677747149806,-0.00046150207877799663,0.05246863538176118,-0.0022770575692115736
-0.0014114121628473913,0.0010508722533630484,-0.014021732469794067,0.011550822629788004
-0.007779373373778001,0.0026703398161480266,-0.07799988042603355,0.026419145586479353
-0.013490573739604016,0.0043160038327053705,-0.13541922955318794,0.04159460225202799
-0.01816390153384943,0.005886392278890439,-0.1824524676420602,0.05614236391538807
-0.021465632721109042,0.007266698466074498,-0.2157517922768969,0.0689941823392133
-0.023133003175053915,0.008337548284089136,-0.2326809233958648,0.07902953129601792
-0.022993804373206896,0.008984648441931439,-0.2315045173773554,0.08516408222813023
-0.020980562993953802,0.009108588216017188,-0.21152512219763484,0.0864402142406679
-0.017138213197215323,0.008634039160099225,-0.17316092839519598,0.08211443674870147
-0.011624601422677922,0.007517625636020464,-0.117958964871722,0.07173613197121768
-0.004703647230449348,0.005753822351357209,-0.048539128054898344,0.05521107742803546
0.003268514131401724,0.0033783676663584543,0.03153362049588678,0.03284254935336868
0.011863596898566524,0.0004688538620620079,0.11794687945740977,0.005343414921086532
0.020606194380969618,-0.00285764458206131,0.20589873489443053,-0.026184888144009932
0.02900218008554663,-0.006449830899265387,0.29039778239554154,-0.06030641630281519
0.03656864639627837,-0.01013005023151075,0.3665800198210809,-0.09533300030805301
0.042863431710033706,-0.013704282157254147,0.4300147258577671,-0.1294261065395408
0.047512306183164744,-0.0169736257079209,0.4769742963672805,-0.16070807390701017
0.05023203862210264,-0.019746525057314616,0.504650333124018,-0.18737353499913137
0.05084784171296394,-0.021850920554521792,0.5113072232342536,-0.20779463375231924
0.04930407013001406,-0.023145503416581847,0.4963717212032568,-0.22061666288663515
0.04566749919232617,-0.023529303730379793,0.46046050969085917,-0.22484238675795437
0.040123008455090245,-0.02294894677369226,0.4053473996180997,-0.2199028383949625
0.032961999813071186,-0.021403064503043995,0.3338698348334312,-0.20571027225255653
0.02456435791142861,-0.018943536518101146,0.24977368633572555,-0.18268672167175437
0.015375178711337706,-0.015673444570715733,0.1574982116126395,-0.15176101051094049
0.005877821406978367,-0.011741841940995972,0.06190978455371506,-0.11432919619518833
-0.003434942315166969,-0.007335648579106012,-0.03199836513850996,-0.07217810631922653
-0.012089813095920266,-0.0026691703731977446,-0.11941585644775592,-0.027377464721931564
-0.01966004840579594,0.002028106411307881,-0.19600674496279655,0.017848920088957634
-0.02578907056141586,0.006524686569087643,-0.2581580193926075,0.061259985894335546
-0.030209190834468002,0.010600387856647304,-0.3031673039712625,0.10073002793051246
-0.032754400312665036,0.014058995858284948,-0.32936141074008285,0.13436795543391122
-0.033366598428614606,0.016739485661220525,-0.3361457748824978,0.16061800648801852
-0.03209508148010485,0.018525144324372658,-0.32399014809196575,0.17833985806235186
-0.02908956348954659,0.019350069157773958,-0.29435785288857297,0.18686738992699148
-0.024587418770652618,0.019202688255055278,-0.24958564981923229,0.18604496958009697
-0.018896191187293243,0.01812613927715652,-0.1927208041405001,0.17623900764647263
-0.012372686141216597,0.016215537084339947,-0.12732283866149127,0.15832198750267307
-0.005400131467366726,0.01361234750941726,-0.057240135521854515,0.1336271240562602
0.00163504585008897,0.010496251469983568,0.013624865263986482,0.10387436505191264
0.008365329139631485,0.007075020703209978,0.08154523262235683,0.07107190012883587
0.014461760439622764,0.003573026132932337,0.1431765354586224,0.03740053295741592
0.019650018183987292,0.00021905760629951487,0.1957260695286913,0.005090156826834197
0.023722118092557032,-0.002765852094791162,0.23707373567543535,-0.023702331753559507
0.0265432757469981,-0.005179933999089465,0.26583982353267965,-0.047005826384897385
0.028053827862814094,-0.006850921336143628,0.28140057957651604,-0.06313297131247642
0.02826645478071954,-0.0076445177924099016,0.2838567526410486,-0.0707600239709637
0.027259254328081257,-0.007470714579134086,0.2739628949852416,-0.06898695431392018
0.025165466018890366,-0.006287710342413174,0.25302628658743226,-0.05737686282279604
0.022160819056372558,-0.004103328133153843,0.22278453897568165,-0.03597395008832059
0.018449568673187047,-0.0009739601439189578,0.18527080744973873,-0.005299314262603524
0.014250290760178787,0.002998804041532876,0.14267540694301617,0.033675755641613396
0.00978242904438603,0.007673602597295416,0.09721245488611649,0.07957836117894906
0.005254442979638376,0.012876431708608364,0.05099969352785315,0.13070237002328666
0.0008542037617205794,0.01840907208123068,0.005958584766349249,0.18509287845431677
-0.0032579501825799675,0.024058367591998923,-0.036260018275419185,0.240641653508104
-0.006953337028733911,0.029605900941450037,-0.0743217463775925,0.2951876106153808
-0.010136316419442348,0.034837621982572155,-0.10722602917055496,0.3466162781222776
-0.012743233095509838,0.03955301368340752,-0.13429745084790293,0.39295280138331967
-0.014739389717945708,0.04357342453886145,-0.1551560030160625,0.43244415873593706
-0.016114636666448363,0.046749250672529795,-0.16967261169181425,0.463627623971665
-0.016878221906521808,0.04896571211272851,-0.17791697299634976,0.48538383153489
-0.017053536190236328,0.05014703257279693,-0.18010454855506824,0.4969738580978122
-0.01667332233318375,0.05025889800169796,-0.17654868125092604,0.4980604073582452
-0.015775801473041945,0.04930913443694111,-0.1676223896309822,0.48871347302482404
-0.014402017406029264,0.04734660921544312,-0.15373269369940526,0.46940086421473604
-0.012594528333660416,0.044458420832398766,-0.1353085085110317,0.4409638848690314
-0.01039740084525496,0.04076550143200429,-0.11280137984293462,0.40457845919344293
-0.007857300573792032,0.036416811846850486,-0.08669676825023159,0.3617022444837613
-0.0050253427311036086,0.03158236182868039,-0.057532335746903,0.31400884206151136
-0.0019592755812401037,0.02644533674629189,-0.025918858146522054,0.263311071129624
0.001274471319746737,0.021193655106166116,0.007440944542040593,0.2114762769583867
0.0045993314793867455,0.016011316709474203,0.04174015907577886,0.1603376121602823
0.007928134706742529,0.01106992650094248,0.0760657830120371,0.11160595973931561
0.011163920617626465,0.006520791266173948,0.10940979010895767,0.06678750683231247
0.014202185521199373,0.0024879823358085443,0.14069430598294994,0.02711185813875963
0.016934557660016558,-0.0009372652673898469,0.1688104599051025,-0.006524980428176419
0.01925373306279532,-0.0037004901372057228,0.19266894563277956,-0.033599316809065895
0.021059352709302048,-0.005786015854143466,0.21125898719153396,-0.053977857898048924
0.0222643760418451,-0.007216859398446069,0.22371136596943839,-0.06791400492513894
0.02280141853925013,-0.008052463231361707,0.22936047990405423,-0.07602233614375102
0.022628481154931622,-0.008384295392881994,0.22780009938277995,-0.07923231571781227
0.02173351177187083,-0.008329487859197801,0.21892757127571194,-0.07872326337969293
0.020137303669732903,-0.008022810096769055,0.20297171707837983,-0.0758435836494579
0.017894348885256116,-0.007607393823277683,0.18050058790804452,-0.07201821025483843
0.015091416518277806,-0.007224727545118272,0.1524065742519663,-0.06864915099340692
0.011843805155600289,-0.0070045167982068475,0.1198680732635069,-0.06701484137804291
0.00828940977527877,-0.007055050428084882,0.08428887648111705,-0.06817460403153892
0.004580930589717597,-0.007454718635354993,0.04721847393162492,-0.07288472233621923
0.0008767182004448962,-0.008245291146746882,0.010258350686843012,-0.08153235822030436
-0.0026691184758109924,-0.00942748287193128,-0.025039147446379504,-0.0940927276463264
-0.005916629752266935,-0.01095921208064832,-0.05727186168446276,-0.11011362511604125
-0.008749226173467827,-0.012756798072647043,-0.08528098544474066,-0.12872966012258183
-0.011081449562964103,-0.014699160211578976,-0.10822895160423451,-0.14870657534597298
-0.012864687212380642,-0.01663487941959283,-0.12565567374316314,-0.1685139153982924
-0.014090341001952285,-0.018391780128307597,-0.13750832809138205,-0.18642226389370364
-0.014790144096400695,-0.019788499683196147,-0.1441418174999449,-0.20061942038691657
-0.015033527300707004,-0.020647347769368843,-0.14628926180625415,-0.20933839480378388
-0.014922159145083637,-0.020807633957866143,-0.14500413534925422,-0.21098907928472074
-0.014582001055893188,-0.020138568179436156,-0.14157783117073516,-0.20428498823049543
-0.014153414490863575,-0.01855082487061712,-0.13743829018600653,-0.1883565343080675
-0.013780015136695443,-0.016005910799545914,-0.13403675315902605,-0.16284285879336668
-0.013597077420406958,-0.01252258877635825,-0.132730603405608,-0.12795516148595
-0.013720341698407062,-0.008179779509354246,-0.13467066384719556,-0.08450572598324718
-0.014236062094699036,-0.0031155821766791813,-0.14070121695199003,-0.03389845499451816
-0.015193055469379034,0.0024776927765221522,-0.15128043259918536,0.021921153345378815
-0.016597376669875135,0.00836231431562316,-0.16642777168183967,0.08055592733371134
-0.018410061760463337,0.01426731083684901,-0.18570321570881038,0.1392828825734738
-0.020548162755315357,0.019903356017354962,-0.2082208448317401,0.19520752117230727
-0.022889060584045787,0.024979466782577116,-0.2326964852685525,0.24543588862963683
-0.02527780512174347,0.02922046518602288,-0.2575261962865534,0.28725161117150916
-0.02753700974169342,0.032384070203885715,-0.2808897245681923,0.31828468140556404
-0.029478639381874606,0.03427647671209441,-0.30087116498093097,0.33666006966559353
-0.030916889464022913,0.03476535017908319,-0.3155881863732276,0.341116885187694
-0.03168126856327931,0.03378931400945036,-0.3233212584474775,0.33109195386976514
-0.03162897662271664,0.03136322338408383,-0.3226350166639161,0.3067644156565574
-0.03065571416662244,0.027578790956946788,-0.31248477497781607,0.26905972728253885
-0.02870416304863675,0.022600437611570136,-0.29230191042855186,0.21961235914576363
-0.02576953796105497,0.01665656426786327,-0.2620523758706324,0.16068715518244717
-0.021901808567309024,0.010026755505087666,-0.22226325739186226,0.09506067021373918
-0.017204420096909225,0.0030257096904631802,-0.1740135595313961,0.02586642613438895
-0.011829579128977235,-0.0040150776259895255,-0.11888763761334933,-0.04358812434904629
-0.005970404059156263,-0.010766687616838775,-0.058892892293833286,-0.11002089252795241
0.00014954997249653872,-0.016921939380231794,0.0036529786730849253,-0.17037531645635065
0.006288708641256708,-0.022213076797477034,0.0662565168170017,-0.22200473371372767
0.012201030822679943,-0.026426817026048023,0.1263939563767796,-0.26282570762349794
0.017649820183748152,-0.029415777221506553,0.1816561536930288,-0.29142881877306853
0.022420912883459165,-0.031105547180856116,0.22988261022879702,-0.3071405259706006
0.02633441075614637,-0.03149697932304131,0.2692763868107336,-0.31003479498927966
0.029254237018123942,-0.03066360183904663,0.2984942547008804,-0.3008972386713786
0.031094945873671377,-0.0287444015756676,0.3167086789553508,-0.28114709939441007
0.03182540679681816,-0.025932545265033975,0.3236398603115121,-0.25272379943792994
0.03146919496256262,-0.022460887353880542,0.3195571664272706,-0.21794563759569444
0.030101736400796685,-0.018585329292350208,0.3052502320714007,-0.1793491299353676
0.027844465017120172,-0.014567232768308064,0.281971195324777,-0.1395187042148245
0.0248564347557038,-0.010656138007632881,0.25135114763192173,-0.10091771052817183
0.021323981927430027,-0.007073994617461396,0.2152957826011539,-0.06573244841352767
0.017449140890928957,-0.004001980245178402,0.1758670577906845,-0.03574058136459673
0.013437574945822418,-0.0015707720166386477,0.13515899346098528,-0.01221364540748534
0.009486791153060618,0.0001451362952746317,0.09517620466326404,0.00413951242078103
0.005775364125893885,0.0011287910474163925,0.05772331655170741,0.013185161214702316
0.002453804308241812,0.001417858221757595,0.02431219582207904,0.015333599286019468
-0.00036242153102719913,0.00109779466001232,-0.003907776663740936,0.01146869979475056
-0.002597366038083825,0.0002917669321376975,-0.026193079549813206,0.0028451519128055657
-0.004216394895311736,-0.0008517945730669406,-0.042221669529978634,-0.009037370069523258
-0.005225298155359569,-0.0021729596168205186,-0.05208124551411825,-0.02257249207366309
-0.005666890452712444,-0.003514258451324394,-0.05623220751855372,-0.03618667389670809
-0.0056154248798857866,-0.004733730946352046,-0.05544881933142795,-0.0484690102143452
-0.005169272030959818,-0.005716057931076943,-0.05074329955939952,-0.05828135742334176
-0.004442408519133492,-0.006380947083262187,-0.04327846227703027,-0.06484064368886343
-0.003555313703164911,-0.006688187321992108,-0.03427503951302265,-0.0677676434715632
-0.002625887642351245,-0.006639069934674009,-0.024919911354010026,-0.0670993421398549
-0.0017609783341537028,-0.006274178241118432,-0.01628115819368673,-0.06326503855412155
-0.0010490454146506985,-0.005667845721120271,-0.009235181261174166,-0.057029287797039425
-0.0005543961499502826,-0.004919851069799216,-0.0044101769841139,-0.04940744392153083
-0.0003133147615147656,-0.004145136021321289,-0.0021490678942919523,-0.041561720061933156
-0.00033227602452935365,-0.003462480728169841,-0.0024936611513829256,-0.03468716776055281
-0.0005882972657078748,-0.0029831404350485974,-0.005190407028256923,-0.02989766111327153
-0.0010313479081733093,-0.002800431214561739,-0.009716754747149161,-0.028121792288738547
-0.0015886105287943554,-0.002981153733048139,-0.0153258436807324,-0.030017562873418044
-0.00217027895404297,-0.0035595713283229982,-0.021106202410130868,-0.03591299177544111
-0.002676492817340794,-0.004534427141602735,-0.02605230964225011,-0.04577742043572178
-0.0030049482471647838,-0.005869214536286358,-0.02914132636856946,-0.05922558343461111
-0.003058693269648206,-0.007495628637057061,-0.029411047048895432,-0.07555364844698644
-0.0027536147090557036,-0.009319848894810794,-0.02603414091041016,-0.09380364268474681
-0.0020251498570206254,-0.011231056739308218,-0.018384060095503918,-0.11285020448904609
-0.0008338085104452626,-0.013111399515491909,-0.006088564826925005,-0.13150164948501686
0.0008308345233107579,-0.014846488431821396,0.010932380616945894,-0.14860610606903746
0.002947924322217209,-0.016335474740249115,0.03244661731308404,-0.16315307295525083
0.005465031764636731,-0.017499788612261803,0.05790892456148353,-0.1743612101125148
0.008299813330469839,-0.018289745856755128,0.08647941860995642,-0.1817444318742971
0.011343546240511026,-0.01868841856077421,0.11706031100913132,-0.18515029823207918
0.014466354013791378,-0.018712410696361755,0.14834911744463622,-0.1847671313039571
0.017523841533723578,-0.01840945778683508,0.17890546476971378,-0.181099035025075
0.02036477788036737,-0.017853056948806244,0.207227799583306,-0.17491086604168998
0.022839403534173325,-0.01713460513020081,0.23183563460155238,-0.16714796449005528
0.02480789921658328,-0.01635375537781178,0.2513525806993722,-0.15883785136251008
0.026148538717251407,-0.0156078728614109,0.2645853820180812,-0.15098288331155238
0.026765058566435157,-0.014981568446330544,0.27059450677985236,-0.14445382616173233
0.026592813168271598,-0.01453729843753406,0.26875246415262577,-0.13989436351524737
0.025603343635246953,-0.014307942483547966,0.2587867728509617,-0.13764571095212164
0.023807069481802008,-0.014292112747769993,0.24080526339298086,-0.1376988674326415
0.021253910836148332,-0.014452718656029305,0.21530209667503833,-0.13967975918338774
0.018031760180246548,-0.014719031308272403,0.18314358040405326,-0.14286978296126412
0.014262841238575054,-0.01499218319138847,0.14553368788808496,-0.14626120595989306
0.010098112287134814,-0.0151537281569885,0.10396023863763643,-0.14864373183931284
0.005709985277915906,-0.015076600411807355,0.06012398382184311,-0.14871555941612935
0.0012837341862861826,-0.014637574630769389,0.015854198588483154,-0.14520975670834912
-0.002991950347442482,-0.013730163674319205,-0.026984439854300442,-0.13702505459198774
-0.006934743203752518,-0.012276811654076722,-0.06658816525452134,-0.12334944372664046
-0.010378255372681873,-0.010239257150812208,-0.10130791928379962,-0.10376529147824419
-0.013180844197726768,-0.007626055307113799,-0.12973525229981236,-0.07832598388221582
-0.015233146661482181,-0.0044964512740091524,-0.1507756013164007,-0.047596157319731866
-0.016463883010169024,-0.0009600764137270151,-0.16370499291920795,-0.012650236076466011
-0.01684357101809968,0.0028277285089902005,-0.16820700448090573,0.02497289190557023
-0.016385908651546634,0.006674798396077003,-0.16438765009772052,0.06335775365957694
-0.015146718390447629,0.010364713306602257,-0.1527668693703832,0.1003377541196628
-0.013220492133316494,0.013672200556107086,-0.13424659431925776,0.13364971340954668
-0.010734722554790568,0.01638024858636472,-0.1100569228985616,0.16110598758265046
-0.007842345639167279,0.018297625357656215,-0.08168354074921984,0.18077070254447677
-0.004712740644359252,0.01927540771989459,-0.05078091923635214,0.19112593527346747
-0.0015218295004803001,0.01922115181836457,-0.019076738481439086,0.19121427360066007
0.0015581194457430273,0.018109469206281772,0.01172663658922099,0.18074583512375159
0.004368353472082436,0.015988011171854867,0.04004785503854872,0.16016019366994044
0.006772549135795682,0.012978188579195117,0.06451397697872355,0.1306365147158046
0.008664219729640427,0.009270342685911167,0.08403448746016513,0.09404850339757473
0.009972152942776254,0.0051135047793823595,0.09785735731746788,0.052864603486877035
0.010663541677124223,0.0008003065644230662,0.10560337012172022,0.00999824038083628
0.010744621886273694,-0.003352004288329987,0.10727618067546592,-0.031382539651029974
0.010258796682278694,-0.007023159677896143,0.10324731227028888,-0.06807257215179952
0.009282394588866543,-0.009912554902053741,0.09421734519273742,-0.09705788731807372
0.007918369973982216,-0.011761369891733356,0.08115652519781717,-0.1157374442585091
0.006288393950305931,-0.012372472139258312,0.06522954316214276,-0.12212171619297157
0.004523894131182454,-0.01162656701085201,0.04771009695482779,-0.11499376377116152
0.002756673264898298,-0.009493301947154711,0.02989110029863935,-0.09402127345576576
0.0011097642571878956,-0.006036375091806942,0.012996303669787665,-0.05981092644975838
-0.0003108401415078798,-0.001412121714124366,-0.0019011015237083901,-0.013899332275647594
-0.00142300984831366,0.0041384774804087004,-0.013947535632847449,0.041321944262027704
-0.002173385853424723,0.01030393845495008,-0.022560779447701455,0.1027454320449783
-0.0025400493438529747,0.016721678685607755,-0.027460348064646516,0.16674357204185536
-0.0025327917360935094,0.023001395880138144,-0.028674010458004873,0.22940797191823595
-0.002191003365723636,0.02875082040614116,-0.0265201860808609,0.2868135210039653
-0.0015793751883385046,0.03360204444770908,-0.021568370747825187,0.33528582769743115
-0.0007817702404149841,0.037236564709361236,-0.014581804126926688,0.3716506686924374
0.00010624257613505925,0.039407246257365455,-0.006447838050901737,0.3934473574844613
0.0009856010918681182,0.03995561884199078,0.001898206268732069,0.3990928820695638
0.0017620637142478322,0.038823239675134666,0.009550215862398553,0.3879886156385998
0.0023539748793885676,0.036056274938303406,0.01570450373257227,0.3605650906470717
0.002698878005693579,0.03180293567615548,0.01972436140954651,0.31826254717010194
0.002758464246938013,0.02630391651756263,0.021191318879863544,0.2634466317321702
0.002521477767523322,0.01987648980349154,0.019938689493823034,0.19926113039466656
0.0020043606644990705,0.01289336564406341,0.016063788347629743,0.12942392346052492
0.0012496005365404937,0.005757806004998341,0.009916921835748924,0.05797825462814066
0.0003219270371837095,-0.0011232500505912132,0.0020677245395236176,-0.010982487740029958
-0.0006973238893462288,-0.0073661524139930976,-0.0067478800286200815,-0.07359395135568647
-0.0017172117338552619,-0.012635698279914287,-0.01569461355711334,-0.12648045062503346
-0.0026449817192125036,-0.016666721251727575,-0.023912017147469336,-0.16697425977045083
-0.0033940010078590344,-0.019280615494932585,-0.030589171287439737,-0.19327923447048237
-0.0038911842489133945,-0.02039567329067323,-0.03503402593693224,-0.20456982185527264
-0.004083290903838681,-0.02003056840321659,-0.03673242354349263,-0.20102217880379936
-0.003941566063118518,-0.01830081761092222,-0.035392765119862245,-0.18377825488879965
-0.003464329288551283,-0.01540856114345819,-0.0309729258838854,-0.15484660790619664
-0.0026772820977238486,-0.01162648177517799,-0.023686750700635285,-0.11694636243711318
-0.0016314909650724013,-0.00727709655458671,-0.01398863507496781,-0.07330393678998966
-0.00039919428378439747,-0.002708974342155507,-0.0025365155664073876,-0.027416044009502573
0.0009322368563153722,0.0017283663775358752,0.009864126809212448,0.01720376706794247
0.0022676978071809956,0.005709055323002164,0.022330406212215853,0.05727536535604211
0.003512504737692194,0.008953205561103668,0.033979843206319624,0.08997938104615422
0.004580629246053559,0.011245422253306568,0.04400872025798313,0.11314446576411007
0.005402322307898532,0.012448228520826107,0.05176415809906584,0.12538173099658614
0.00593047717294149,0.012509547275853204,0.056804033324366336,0.1261588101836037
0.006145175205384115,0.011463830390272881,0.05894004051768591,0.11581088217881609
0.006055999962906464,0.009426901465540495,0.05826038370557632,0.0954901180217776
0.005701882176151618,0.006585039687544324,0.05512978493936783,0.06705850580379231
0.005148437801891156,0.003179245322951119,0.05016591868705873,0.032932286784149556
0.004482967067607091,-0.0005140379468846655,0.04419317725016839,-0.00411047033622543
0.0038074777659553175,-0.0042042362787002175,0.03817677705285393,-0.04114456897803504
0.0032302649686439507,-0.007608372439801831,0.03314230017555168,-0.07531790370084533
0.0028567077019956183,-0.010471593780322579,0.030087380993102632,-0.10405988648264289
0.002780019937514348,-0.01258501979769526,0.029893048929306262,-0.12526216402320603
0.00307271149598764,-0.013799666877023197,0.03324214860761209,-0.1374188214618012
0.00377947177884712,-0.014035534883124827,0.04055147402687651,-0.13971738777655549
0.004912088154855733,-0.013285328339543729,0.05192308931181016,-0.1320762663789933
0.006446858626844484,-0.011612702873906172,0.06711899613878385,-0.11512815052800768
0.008324766593604023,-0.00914534270064359,0.085561874670536,-0.09015241213105094
0.01045446897144187,-0.00606355534359148,0.10636293712861707,-0.0589625473114814
0.012717924711015259,-0.0025853871603666078,0.12837586781431887,-0.02375770634425408
0.014978276749459249,0.0010505053426841243,0.150273449819128,0.013049946362923994
0.017089414002614933,0.004602863551338449,0.17064112399530326,0.04901820438907871
0.018906496466279035,0.007845328305533455,0.18807987061965023,0.0818533666376767
0.020296637949963895,0.010582135665976877,0.2013098652816788,0.10957025014715968
0.021148915242610478,0.01266089179424395,0.20926649011954476,0.13062177331118094
0.021382912497418513,0.013981576552783776,0.21118130515846684,0.14398957476373583
0.020955112982558192,0.014501247458500873,0.20664211363249338,0.14923097855991324
0.019862609634381172,0.014234267909787442,0.1956279046642443,0.1464813307297195
0.018143809067322575,0.013248237405445598,0.17851603539262,0.1364139608104916
0.015876035190249896,0.011656128703019946,0.15606057754988595,0.12016270941532499
0.01317018027223129,0.009605412344728025,0.12934249167909764,0.09921422004684809
0.010162784104901228,0.007265152391842681,0.09969433615794966,0.07527909628875826
0.00700612724987125,0.004812174614149919,0.06860447965514319,0.05015248147691072
0.0038570856690106643,0.0024174331924668303,0.037607934748190484,0.025575375620879005
0.0008655980937526208,0.00023363532430227486,0.008172520513981396,0.0031077896069216524
-0.0018363644847289777,-0.001614966491798145,-0.0184102741189227,-0.015976478941677412
-0.004144469432796298,-0.003039922215055773,-0.0411207492139382,-0.030765965934967134
-0.005989574766939777,-0.00399264497475274,-0.059285117280666336,-0.04075403104421981
-0.00734256445036542,-0.004465047001460683,-0.07262257192723713,-0.04584637202302942
-0.008216076036935045,-0.0044869017382678745,-0.08126181444814634,-0.04633523647579828
-0.008662970183571818,-0.0041203470966502155,-0.08572585269519471,-0.04284460728688554
-0.008771645136106973,-0.003452162877976079,-0.08688615853686503,-0.036252699875481784
-0.008658546339763444,-0.0025846107225212783,-0.08588947575681428,-0.027599577649914116
-0.008458442287563518,-0.001625706589896911,-0.08406264278257894,-0.017988522231756128
-0.008313215010583552,-0.0006797993043225481,-0.082802585585546,-0.008489929750086557
-0.008360033018945197,0.0001607435133071768,-0.08345993691291624,-5.590119527959232e-05
-0.00871982633201454,0.0008220799629045619,-0.08722535761972444,0.006547624110611086
-0.009486963120062924,0.0012531984564161528,-0.09502747952007279,0.010786257700514506
-0.01072093673891036,0.0014277379360867122,-0.10745048877526162,0.012377442439245483
-0.012440717504833276,0.0013433183662605297,-0.12467785126985247,0.011285432551675717
-0.014622217438148281,0.0010186068010840754,-0.14646670377273444,0.007693116350438603
-0.017199074546273722,0.0004885462083082854,-0.1721551342164552,0.001954857341003428
-0.02006670502784131,-0.00020167000615324646,-0.200702065962102,-0.005463888525610718
-0.023089317417669165,-0.0010031980503792451,-0.23075687651494453,-0.01405339988148508
-0.026109352247083332,-0.0018700082244575676,-0.26075341453031353,-0.02332579949818596
-0.028958622479399714,-0.0027645408927610988,-0.28902099107223755,-0.032873582160107516
-0.03147029867785725,-0.003661981099047954,-0.3139034886511104,-0.0424146539679975
-0.03349081892829644,-0.004552731553433543,-0.3338771588240745,-0.051819497311403825
-0.034890811968488145,-0.005442853857690203,-0.3476580207280949,-0.06111799369953642
-0.0355742020059974,-0.006352457384425297,-0.3542909127841925,-0.0704855424187973
-0.03548480887057558,-0.007312224486718619,-0.3532139508115599,-0.08021019570711051
-0.03460995579472201,-0.00835845020198732,-0.3442941445997049,-0.09064440969392554
-0.032980833347097546,-0.009527126790469779,-0.32783202219382007,-0.10214654360442763
-0.030669622985159052,-0.010847704278205838,-0.3045352106508212,-0.11501831728960883
-0.027783637016649102,-0.012337198353628683,-0.2754630040115617,-0.12944496597559335
-0.02445696331230264,-0.013995292736226366,-0.24194599854968288,-0.14544473501287322
-0.020840294537457907,-0.015800996597175973,-0.20548681043603056,-0.16283359643258397
-0.017089757879040875,-0.017711276529725935,-0.16764953584721004,-0.18120967067207752
-0.013355631622721301,-0.019661899670376373,-0.12994672999160684,-0.19995991915888428
-0.009771834189124067,-0.021570516420273918,-0.0937330454324333,-0.21828944382659302
-0.0064469998081195835,-0.023341796729615897,-0.06011415467995776,-0.23527145151680767
-0.00345781902058852,-0.024874232687878722,-0.02987820896896167,-0.24991388047647184
-0.000845132945764414,-0.026068050752488248,-0.00345502298459002,-0.26123705744852005
0.001386956716544222,-0.026833555182401735,0.019094309540503215,-0.2683556875328836
0.0032689461456434465,-0.027099161829498467,0.038057279030137045,-0.2705580185885478
0.0048609858939585625,-0.02681838490263361,0.05402169962805336,-0.26737514752788977
0.006245589741598449,-0.02597510938408191,0.06780389708724113,-0.25863409763594236
0.007518636302318428,-0.024586613271608045,0.0803596600095616,-0.24448944003351147
0.008779436303187605,-0.022703986074140575,0.09268550893975605,-0.22542980635813942
0.010120707032001828,-0.020409807734021602,0.10571852061803019,-0.2022575791189053
0.011619294879911243,-0.01781318680500503,0.12024302368249822,-0.17604225026901726
0.0133284176722144,-0.015042487986682136,0.13681192308433307,-0.14805025204709954
0.015272066636328784,-0.012236286741037536,0.15568921440611141,-0.1196562773128361
0.017442024532873444,-0.009533254228253994,0.1768184770371931,-0.09224297864756568
0.01979773694690286,-0.007061784142787875,0.1998199207740826,-0.06709723591048519
0.022269036153812323,-0.004930213903027757,0.2240161041097133,-0.0453117366749225
0.024761480874156333,-0.0032184614323274427,0.24848398391856136,-0.027700341069886912
0.027163859929825705,-0.0019717969942722414,0.2721287363714694,-0.014734626432320177
0.029357230827656473,-0.0011973048167620293,0.293773012737975,-0.006507248818590553
0.03122473991659637,-0.0008633746533415311,0.31225410468659953,-0.0027255075396587737
0.03266140889912186,-0.0009023165081332527,0.3265209641749659,-0.0027359789667519814
0.03358307785875002,-0.0012159329910719106,0.33572315914301576,-0.005578522784934187
0.033933766784124894,-0.0016836349311356571,0.3392846005685767,-0.010065564229799326
0.03369084956754065,-0.002172468136364238,0.336956162455628,-0.01488049549403632
0.03286761546284081,-0.0025482513458046033,0.3288430205768771,-0.0186874593680214
0.03151300786633908,-0.0026869222621896975,0.3154045275208847,-0.020243783561539355
0.02970856119219041,-0.002485159580601903,0.29742658024693236,-0.018505995122907046
0.027562784485906697,-0.0018693974802009442,0.2759685774690856,-0.01272069627811528
0.02520344654725376,-0.0008024719696900959,0.2522890631723052,-0.002492625621939067
0.02276838490459488,0.0007126736749394386,0.22775586650947705,0.01217607814344691
0.020395576461092697,0.00263255937604231,0.20374783848161337,0.03087913747377473
0.018213261862154585,0.004876081290715583,0.18155602511832458,0.052832980792159374
0.01633090457105172,0.007330557313204009,0.16229220638609215,0.07693536011599825
0.014831690668015221,0.009860432772598482,0.14681212286766507,0.10185113054657932
0.013767143172559759,0.012317948551631664,0.13565943728778196,0.12611814344416655
0.013154246598525751,0.014554904216164632,0.12903465130262906,0.14826440000736232
0.01297526859223572,0.016434549695319642,0.12679101217559843,0.16692662996703836
0.013180243444595776,0.017842619551310508,0.12845713451036042,0.18096037757392275
0.013691865564617904,0.018696586330697724,0.13328386191135708,0.18953245196464033
0.014412347648631843,0.018952349484168407,0.1403109924464708,0.1921881008628818
0.015231644208978677,0.018607782962265004,0.14844801848119518,0.18888732459317725
0.01603633888797287,0.01770282126950777,0.15656205818169144,0.18000719180386635
0.016718451709591665,0.016316049598722623,0.16356571992358795,0.1663096955564938
0.01718344316511553,0.014558055163357174,0.16849776261596716,0.14887744748834725
0.017356773526986845,0.012562069806743206,0.17059010083731352,0.12902217386898554
0.017188510669591886,0.01047266552394667,0.16931592967501213,0.10817333846973291
0.016655656110842916,0.00843343504671485,0.1644154335816319,0.08775604004888687
0.0157620616812784,0.006574684366691463,0.15589755574835243,0.06906840687316837
0.014536020725759114,0.005002174410182502,0.14401844625870866,0.05316890179240537
0.013025819912645863,0.003787873347325349,0.12923926515957368,0.040783231115531435
0.011293713282720238,0.0029635246468349423,0.11216779552848222,0.03223899679658572
0.009408914139999329,0.0025176111189440077,0.09348967281487647,0.02743399735357383
0.007440281365770954,0.00239601973448514,0.07389586534277631,0.025841359149183406
0.00544939785584524,0.002506408210466467,0.05401329780423117,0.026551671589012983
0.0034846982825468657,0.002725966985813973,0.03434518057228541,0.028349226844079548
0.0015772047731568367,0.0029119845567829533,0.01522671130129631,0.02981656837394485
-0.00018320340507126714,0.002040068737565315,-0.002414426453080018,0.02071607186427324
-0.0014282598230182767,0.0018124562174332392,-0.014690561093338456,0.018087840102013232
-0.002649115212073928,0.0012684416277343486,-0.02685347452275633,0.012398657779659802
-0.00387290732749264,0.0003430490800133955,-0.038982307550858186,0.002900572100388951
-0.005131708751025224,-0.0009996628450489077,-0.051384571269367504,-0.010771129514165183
-0.0064575153347726484,-0.002761881116930112,-0.0643725923853407,-0.028644392489016707
-0.007876901554264442,-0.004909926221112244,-0.07821091478115347,-0.05038811435391112
-0.009405849587312495,-0.007374970775314036,-0.09306497871397776,-0.07531817226898552
-0.011045257280496547,-0.010056586466950271,-0.10895615572652953,-0.10243196895881744
-0.012777584520792392,-0.012828889881278926,-0.12572779507301154,-0.13046938963088034
-0.01456501125466134,-0.015548847006721649,-0.14302606329904163,-0.15799581874188667
-0.016349360299737884,-0.018066118917630897,-0.16029810132817343,-0.18350091605563698
-0.018053893881662675,-0.020233701908539552,-0.17680851198488365,-0.20550542710437264
-0.019586936308941767,-0.02191854493596609,-0.19167359789744284,-0.22266759076310483
-0.02084711930826827,-0.023011321653749913,-0.2039112745939509,-0.23388079264939549
-0.02172990427490273,-0.023434594423049744,-0.2125033287314257,-0.23835495370456347
-0.022134919018846514,-0.02314872894400694,-0.21646575137561094,-0.23567557973011483
-0.021973565459356924,-0.022155091129077032,-0.21492225651104657,-0.22583621224253655
-0.02117631623662611,-0.020496268834626567,-0.20717576187989611,-0.20924200906047813
-0.01969912601661071,-0.018253293279510235,-0.19277253625018925,-0.18668420469289507
-0.01752843724154315,-0.015540069827894682,-0.17155392098823413,-0.15928718837569186
-0.014684356329909252,-0.012495446450382622,-0.14369107815173046,-0.12843185897894555
-0.011221707493740551,-0.009273533013458003,-0.10969917871844442,-0.09566071536000866
-0.00722882718092632,-0.006033020682535808,-0.07042885475026091,-0.06257169652462134
-0.0028241303833131744,-0.002926327162719949,-0.027034533972828543,-0.030708910520186504
0.001849352651889069,-8.94040525215349e-05,0.019078722856385462,-0.00145887716975886
0.0066311177005363405,0.002367013625779087,0.06632631313486,0.02403939665208477
0.011351527551142002,0.0043640541081433806,0.11302792750468721,0.044963326850466924
0.015840784211245323,0.005858761305978912,0.157497882242714,0.06084932547005616
0.01993791720657022,0.006845272466267259,0.19813530556083006,0.0716060748560447
0.02349917343058205,0.007353072435313249,0.23350778938125957,0.07749810750494203
0.026405241626374084,0.0074425108466943555,0.26242291261558376,0.07910178815385907
0.02856683531025634,0.007197987603009084,0.28398321374445057,0.07723798174266717
0.029928284397142534,0.00671939742908514,0.2976215766553098,0.07288742254063157
0.030468937753219554,0.0061125610404543125,0.3031154626713483,0.06709599635964654
0.03020234418490276,0.005479447544473648,0.3005798820280435,0.06087777888721198
0.029173344790582152,0.004909003873317286,0.2904403888793588,0.055123734485291
0.02745336205822008,0.004469351498071905,0.27338865781207644,0.050523479930344485
0.025134298646101352,0.004201992982457001,0.250324307641712,0.04750647745036829
0.022321551612328478,0.004118500756097651,0.22228752144449648,0.04620748388753832
0.019126699040063335,0.004199951753836835,0.19038760368632177,0.04645912669229988
0.01566042206364572,0.004399141362166617,0.1557328499352766,0.04781222927278728
0.012026186458932404,0.004645377281669617,0.1193669308681465,0.049582144876866914
0.008315128091704033,0.004851437530775998,0.08221639036051345,0.05091709510365824
0.0046024727907254615,0.004922094634499523,0.045052853163125274,0.05088257271926212
0.0009456834742698448,0.004763475047199831,0.00847220863643154,0.048554457965656085
-0.002615622701473122,0.004292450045035912,-0.027108492854908656,0.043112748350668806
-0.006058094240245478,0.003445247795416873,-0.061437272238492914,0.03392776386100896
-0.009371646570736105,0.0021845367775736287,-0.09439889273888646,0.020631329744036073
-0.012555402515796104,0.0005043534410767913,-0.12597550004113567,0.0031666665388526
-0.015613010548105228,-0.0015675778838229657,-0.1562006288483128,-0.01818758398162478
-0.018547821200340535,-0.003970371392684745,-0.18511141975990822,-0.04282171580661318
-0.021358401965074263,-0.006613356668606707,-0.21270388896620007,-0.06982793068592064
-0.02403482983963469,-0.009382073730566426,-0.2388956532401323,-0.09805977515306692
-0.026556122450639884,-0.012146434871015244,-0.2634996829435576,-0.12621359472301746
-0.02888906059163841,-0.014770417950693305,-0.286211525857746,-0.1529255643290611
-0.030988526603887304,-0.017122522202672758,-0.3066111395964904,-0.17687639662024396
-0.03279934549096485,-0.019086145406411986,-0.3241791332708045,-0.19689509371864874
-0.0342594807796672,-0.020569036709232377,-0.3383259840099686,-0.2120531791947292
-0.03530431634965952,-0.021511043149403275,-0.3484317589558686,-0.22174168520034396
-0.03587165885022451,-0.02188949532271594,-0.35389308683120413,-0.22572462735204038
-0.03590703083399051,-0.021721758754444303,-0.35417359144086663,-0.2241645769151645
-0.035368797480138464,-0.021064698167784217,-0.3488537118637466,-0.21761804625032852
-0.034232681652408704,-0.02001104454466864,-0.33767579117927854,-0.2070005988630178
-0.03249527159804501,-0.018682900403281192,-0.32058054244062034,-0.19352378667962314
-0.030176208219272648,-0.01722284753597864,-0.2977315354353642,-0.17860812353630331
-0.02731884716392681,-0.015783315308310716,-0.26952521022133213,-0.16377821577529567
-0.023989315519504895,-0.014515010997254071,-0.2365850804738548,-0.15054773318737436
-0.02027401292852611,-0.013555295001101891,-0.19974013966194376,-0.140302936725119
-0.01627573141791646,-0.013017396433742194,-0.15998886931277673,-0.1341938282345699
-0.01210867671909318,-0.012981307391846443,-0.11845149792267884,-0.1330415708641833
-0.007892757426820315,-0.013487071340086292,-0.07631412655217101,-0.13726966448474728
-0.0037475603415179077,-0.014531002054292433,-0.03476893637182258,-0.14686455497418863
0.0002135530945697876,-0.01606514827091274,0.005045099751965322,-0.16136907280691493
0.003888813973482605,-0.01800007280381818,0.042096745355074176,-0.17990952314270764
0.007192514835086997,-0.02021076254953529,0.07550851119183674,-0.20125458526071
0.01005830039990265,-0.022545247092051142,0.104591180040509,-0.22390163532878524
0.012441103043034356,-0.024835297018659788,0.1288649003810233,-0.24618390907419846
0.014317660310282206,-0.02690841449814134,0.14806608616259967,-0.2663902914735077
0.01568566750449286,-0.02860023028989566,0.16214059167126355,-0.2828886326584539
0.016561725315422215,-0.029766390559642444,0.1712247775462171,-0.2942434170694837
0.01697833145911051,-0.030293055803678155,0.17561701307886038,-0.29931930260574136
0.016980228926280542,-0.030105239540051846,0.1757427717129357,-0.2973633335068971
0.016620456713483785,-0.029172377794066107,0.17211672873788017,-0.2880603020741406
0.01595644965623953,-0.027510728934948818,0.16530517906927822,-0.2715576074233907
0.015046503029785439,-0.025182440859903933,0.15589171609395325,-0.24845793411905195
0.01394685865687824,-0.022291370518022918,0.14444852166098418,-0.2197801281551391
0.01270958862435871,-0.018975980313860136,0.13151487912654516,-0.1868907806629979
0.011381358565496538,-0.015399848857667509,0.11758369303255872,-0.15141118087847213
0.010003054195334428,-0.011740503907062697,0.10309593631733657,-0.11510630184165703
0.008610162077399723,-0.008177400702131129,0.08844211390906984,-0.07976407491685775
0.007233717540691658,-0.004879921150634817,0.07396910651619995,-0.04707411706517902
0.005901576897398211,-0.0019962553543835058,0.05999021850332552,-0.018515109741869897
0.00463974310931646,0.0003560511937145839,0.04679596232724366,0.0047408351133629975
0.003473476598204897,0.00209723683216245,0.03466310392010247,0.021900100990944017
0.002427955804390213,0.0031896829022185105,0.023859770176983368,0.03259116712655478
0.0015283122004869077,0.0036392392573457166,0.014644953845383224,0.036877574458225114
0.0007989458803616961,0.0034934900156841637,0.007261493524785147,0.035240236607893986
0.0002621224906516274,0.0028371580441458144,0.0019224909514657354,0.028531205431605134
-6.404938759607624e-05,0.0017850512923956348,-0.0012079286940304,0.017902900868955185
-0.00016806939421227358,0.000473123634245521,-0.002037704062659916,0.004718427746486376
-4.7658367439569856e-05,-0.0009516547796375925,-0.0005712072080086623,-0.00955015475858266
0.0002877845908240432,-0.002341855681161766,0.003068177067200307,-0.02342798292967951
0.0008152186788378216,-0.0035598094793621434,0.008620519062586866,-0.035540152405524
0.001496814671678498,-0.004486761006198649,0.015679945449448465,-0.044703748827065494
0.002279898363795173,-0.005030347341490577,0.023695946333178685,-0.0500028535899924
0.003098175950108124,-0.005129926838432022,0.03198715086274792,-0.05084176489182419
0.0038743255032191635,-0.004759465086827498,0.03976829681650768,-0.04697350941381398
0.004523913980926084,-0.003927876176950548,0.046189933129919966,-0.038502678091785376
0.004960468191085964,-0.0026769108093116305,0.05038914631410222,-0.02586354367880676
0.005101402758641031,-0.0010768614911468154,0.05154839265355681,-0.00977618243073554
0.004874400336504735,0.0007794941746616399,0.04895846192822582,0.008815177411514828
0.004223760002971223,0.002784179079158998,0.04208081270415858,0.02881621653294345
0.0031161878719302674,0.004821932146519801,0.030604105484338014,0.049062933170402154
0.0015455053718557415,0.0067781385717056615,0.014489783200018565,0.06840214076961317
-0.0004642021668577644,0.00854619211825046,-0.005997973504164477,0.08576611102673014
-0.0028573825368232654,0.010033783816763989,-0.030281681471819224,0.10023620041303909
-0.0055480149399353244,0.011167724739872058,-0.05748186546229286,0.11109145250010281
-0.008422905113539558,0.011897049525520058,-0.08645115117675037,0.11783957358343405
-0.011347195006164431,0.01219429955452675,-0.11583027216967827,0.12022920988976615
-0.014171823097746552,0.012055037083648773,-0.14412327701499045,0.11824399521838809
-0.016742501081886362,0.011495781564703796,-0.16978747667149796,0.11208028175389033
-0.01890962816513084,0.010550675701443355,-0.19133221494812286,0.10211170996968805
-0.020538458812670867,0.009267272738925527,-0.20741955422852323,0.08884471226478997
-0.021518783790098542,0.007701882313502081,-0.2169595594230448,0.07286958619861182
-0.02177338454732767,0.0059149176168583496,-0.2191930565803442,0.054811855931511264
-0.021264579728341802,0.003966652876250715,-0.21375547009692628,0.035288257731438524
-0.01999829752542506,0.001913731782756977,-0.20071648863451125,0.014870894139268327
-0.018025271714998427,-0.00019332808647581155,-0.18059177098579232,-0.005937986121401599
-0.015439161256423847,-0.002311503068364426,-0.1543246250015816,-0.02671936613966599
-0.012371618593004743,-0.00440549179328359,-0.12323756119795075,-0.04713903083847403
-0.008984563195236358,-0.006446908425399185,-0.08895580928469722,-0.06693850368594957
-0.005460136320562295,-0.008412646333767754,-0.05330718110612687,-0.0859174709966538
-0.0019890027230320914,-0.010282695557791039,-0.018204844350744816,-0.10391051622474692
0.0012421907319810673,-0.012037745173343628,0.014478666739764553,-0.12076141806653379
0.004063303593092384,-0.013656915627355274,0.04303683087158246,-0.13629841715018862
0.0063322221560693556,-0.01511594565668626,0.06604438852212377,-0.15031372434875606
0.007944546848216614,-0.0163861060069479,0.08245369530077823,-0.16255013333266222
0.008840700301627086,-0.01743403311239846,0.09166491515210268,-0.1726969244384929
0.009009888405479975,-0.018222577802921622,0.09356478620683267,-0.1803963369134779
0.008490573027955585,-0.018712656200159092,0.08853095523960469,-0.18526079941859105
0.007367372671648321,-0.018865982270562697,0.07740125394244743,-0.18689993544009442
0.005764576664174709,-0.018648463935860848,0.06140970670187015,-0.18495522424836713
0.003836718830211666,-0.018033966150673705,0.04209345597834876,-0.1791392395370418
0.0017568874577183699,-0.01700809215235894,0.021177052858022717,-0.1692757361900183
-0.00029636881948106903,-0.015571613027362815,0.00044248789586346206,-0.15533659690389007
-0.0021525600099348537,-0.013743187925618038,-0.018405314509076554,-0.1374718049832711
-0.0036621735160687293,-0.011561061880977396,-0.03386725515260043,-0.11602913092499197
-0.004708000218524226,-0.009083501632242868,-0.044763111939459276,-0.09156101740569476
-0.00521398550002503,-0.006387825971115588,-0.05032008150065727,-0.06481712011620591
-0.0051509029026295195,-0.003567997913444592,-0.05022984764846756,-0.03672203148896784
-0.004538385315774502,-0.0007308621038329983,-0.04466955181726309,-0.008338830003845842
-0.0034431252842658357,0.0020087774092250156,-0.0342847130040894,0.019179780778659103
-0.001973351199319585,0.0045339458853415815,-0.020135014218658428,0.044649911446499144
-0.0002699770131769809,0.0067317838193287185,-0.0036067861295333466,0.06692075560800387
0.0015049130828655483,0.008499912851562203,0.013701238718604508,0.08494030061951297
0.003181367844338899,0.0097524485644579,0.030110036226934943,0.0978178462763936
0.0045956326999000005,0.010425244548359516,0.04399984563367159,0.10487890005853363
0.005603874740245756,0.01048000145176374,0.05394612532328721,0.1057086327692803
0.0060944825877690895,0.00990695183363088,0.05884120565392823,0.10018098733695892
0.005997952601660341,0.008725930220945107,0.057992107338517826,0.08847158070601219
0.005293549085868125,0.0069857499027332895,0.05118678383873614,0.0710535942471361
0.004012167969529499,0.0047619247583808285,0.038723263220059166,0.04867685054234065
0.0022351227415369317,0.0021528867114878197,0.0213987117498056,0.02233123021865125
8.88862279514297e-05,-0.0007250513394801305,0.000458293554980642,-0.006803477410445858
-0.0022638621635267717,-0.0037436583470834835,-0.022493193051118063,-0.03741827647997888
-0.004636241482158575,-0.006769291845594385,-0.04561074796705266,-0.06814238608883248
-0.006831338170697796,-0.009669542731747215,-0.066950632587435,-0.09761297259714179
-0.00865747056544607,-0.012319618129252603,-0.08462268405184052,-0.1245426086286639
-0.009943381593388884,-0.014608096522715353,-0.09694127587703719,-0.1477801885491103
-0.010552182747517262,-0.01644174791099431,-0.1025629542614561,-0.1663618037916057
-0.010392954011071485,-0.0177491890322305,-0.10060011912390328,-0.1795491638156848
-0.009429071700466377,-0.018483232800378648,-0.0907022036256947,-0.18685432010350814
-0.0076825770376209345,-0.018621884376931287,-0.07309825043900964,-0.18805050518705532
-0.005234194635710678,-0.01816802623264986,-0.04859735320388325,-0.18316971472925447
-0.002218939495121195,-0.017147914275851918,-0.018546104094850937,-0.1724882285966835
0.0011824116956328152,-0.015608671041291372,0.015254941222853927,-0.15650166272371138
0.004755390239509728,-0.013615006151473024,0.05067067188175997,-0.13589146654471673
0.008266575577267288,-0.01124541685356196,0.0853784608308177,-0.11148508839749652
0.011479924379312754,-0.008588122521934227,0.11703185943889859,-0.08421230476020887
0.014173477632198969,-0.005736968657948541,0.14342817588138726,-0.05506036359828286
0.016155197473684355,-0.002787501821612104,0.16266670810333156,-0.025030523966848038
0.01727674383294733,0.00016662798656000516,0.17328536695527602,0.004901779110015633
0.017444150889074694,0.0030368311183141274,0.17436554129612752,0.033821532072777424
0.016624593883959118,0.005742251561068038,0.1655978412669796,0.06090265850942073
0.014848730509325758,0.008211937082671022,0.1473043454693161,0.08543036031410073
0.012208435531131809,0.010386527852401805,0.12041591612771488,0.10681775850264567
0.008850096844293966,0.012219506826477553,0.08640601875408041,0.12461758419591447
0.004963978805929711,0.013678063193910656,0.04718538828162059,0.13852964649073934
0.0007704583247309576,0.014743615166404,0.004964833904720962,0.14840456471937052
-0.003495822511873038,0.01541202264465308,-0.037903745461968015,0.1542439371075611
-0.00760268513225456,0.015693497439157055,-0.07909588226699363,0.15619686021379725
-0.01133675641307778,0.015612193334926548,-0.11647923819906594,0.15455259025673215
-0.01451818756496825,0.015205435340468698,-0.14826138862068938,0.14972914570835363
-0.01701264097093447,0.014522531754162769,-0.17310923360364086,0.14225772732828587
-0.01873964905807063,0.013623108274214497,-0.19023124403862915,0.13276290313268327
-0.019676731772782053,0.01257491308008052,-0.1994169818917042,0.12193853915550888
-0.019858989299774192,0.011451066791852652,-0.2010316969229572,0.11051948751956117
-0.01937423873335445,0.0103267707678557,-0.19596704506071536,0.09924915811224284
-0.018354110125580844,0.009275538715745078,-0.18555201655344203,0.08884338663925265
-0.016961831708129316,0.008365075698984063,-0.1714309866540086,0.07995150112676518
-0.015377691586375261,0.007652989540035394,-0.15541831922966945,0.07311612519631154
-0.013783343689480412,0.007182575676950809,-0.1393409475871927,0.06873391123479511
-0.01234621504424898,0.006978960777659427,-0.12488153510754071,0.0670199201198164
-0.011205262415862451,0.007045916342353473,-0.11343493853007124,0.06797864298934686
-0.010459219562636303,0.007363655742270197,-0.1059896784129021,0.07138464874723022
-0.010158279938300093,0.00788790302473804,-0.10304407757492964,0.07677555010667607
-0.010299888791877744,0.008550467992538951,-0.10456390709013182,0.0834594422816248
-0.0108289942362648,0.009261480754436637,-0.10998506478323009,0.0905382001681177
-0.011642754159495153,0.009913334036534823,-0.11826125604940668,0.09694702719159004
-0.01259934226602631,0.010386259470010477,-0.12795307391724317,0.10150945857070152
-0.013530169609843221,0.01055533340916014,-0.13735152504184134,0.103005722207914
-0.01425456324952558,0.0102985787100535,-0.14462621162979472,0.10025110928869956
-0.014595742647923139,0.009505712205201819,-0.14798636339086088,0.09217998325645615
-0.014396823009131659,0.008086994103074788,-0.14584194448069607,0.07793038002467793
-0.01353556183538487,0.005981574911944806,-0.1369521840103474,0.056923823108683526
-0.0119366519293707,0.0031647154513769326,-0.12054993992921417,0.028934884852223664
-0.009580544478946336,-0.00034671897035766486,-0.09643203998883257,-0.005854952635183919
-0.006508046128874235,-0.004491016463375271,-0.0650079336396022,-0.04682444681761733
-0.0028202542762299073,-0.009161037062431243,-0.027301587566858857,-0.09290561767503737
0.0013262492231030148,-0.014206543388628616,0.015095328198172707,-0.14260641352630404
0.0057286613959211955,-0.019439508177800727,0.060117192037021386,-0.19406476367734923
0.010151049135407838,-0.02464225892693162,0.1053591560607582,-0.245132816310463
0.014340339468318853,-0.02957811221712681,0.14824273092209486,-0.2934867430891066
0.01804405063416159,-0.034003954799407314,0.18619880614649925,-0.33675441327468353
0.02102846191266754,-0.03768406063032359,0.21685299616035023,-0.3726513632131629
0.023095874151113766,-0.04040430675145993,0.23819853893069026,-0.39911532016132123
0.024099668224189907,-0.04198587776983747,0.24874411023291804,-0.4144309403201927
0.02395602117356957,-0.04229753676502154,0.2476270679114577,-0.41733860260697647
0.02265137812649267,-0.041265593495044606,0.23468582172717936,-0.4071229812226401
0.02024508441411434,-0.03888081781952098,0.21048753245551474,-0.3836778754641414
0.016866933641382458,-0.03520172146347214,0.1763091012212485,-0.34754330130202804
0.012709757513203983,-0.030353854168156242,0.13407096259433032,-0.2999098855853124
0.008017544389227665,-0.024525016506792816,0.08622534584907837,-0.24258540213268923
0.0030698989910711693,-0.017956563770491707,0.0356039371436041,-0.17791996825210749
-0.0018360786087189287,-0.01093124416394644,-0.014765918077668637,-0.10869032668326657
-0.006405230060135438,-0.003758260530640977,-0.061863108665464225,-0.03794905331610876
-0.010363733270758055,0.003243550504738925,-0.10287642704827032,0.031150093923150095
-0.013477100847343932,0.009763380657313149,-0.1353930509725211,0.09553584815566418
-0.01556553191795058,0.015515833966287668,-0.1575568343372364,0.15239652601321557
-0.01651555953962149,0.02025691180251509,-0.16818535219268527,0.19933702661316963
-0.016287203468436994,0.023797555055812745,-0.16683936469635743,0.2345061095840235
-0.014916160224655622,0.02601385112778283,-0.15384262062931908,0.2566884379797799
-0.012510915053852465,0.026853229746532335,-0.13025301425661664,0.2653589071692468
-0.00924501752790382,0.02633623839498999,-0.0977881109062497,0.26069828348204
-0.005345098118950032,0.024553786778756068,-0.05870961290258879,0.24356965857768342
-0.0010754930428300885,0.021660059058822213,-0.015673178351701397,0.21545577064489538
0.0032794313391467326,0.017861590226662682,0.028447556441015365,0.17835883525978097
0.007434020405592208,0.013403267235553696,0.07075119929143414,0.1346674724715347
0.01111985247453443,0.008552226746767328,0.10849938047041109,0.08699905522203123
0.014102791700812278,0.003580763727612282,0.13929370320675982,0.03802920199928712
0.01619745189118909,-0.0012505722754676783,0.16122569167265233,-0.009677945904346086
0.017278153736303425,-0.005708538659196336,0.17298948256648206,-0.05382518527546501
0.017285721261599576,-0.009600370520442433,0.17395089755354431,-0.0925120453258135
0.016229766167951586,-0.012783694253899688,0.16417047688865333,-0.12433072079813567
0.014186428293257083,-0.015172562711480623,0.14438137191653547,-0.14842336455908864
0.011291853161113401,-0.016739280632854275,0.11592548691189612,-0.16449893731952872
0.007731971109753313,-0.01751200234594299,0.08065315880922927,-0.17281021063288562
0.0037293772185228945,-0.017568396865989676,0.040793349335628164,-0.17409360398621485
-0.00047171823997955314,-0.017025964914249608,-0.0011969877312729216,-0.16947666259306138
-0.0046214029791894476,-0.016029836134825545,-0.042794140663721864,-0.1603602764308477
-0.00847975628785169,-0.01473905437862598,-0.08156823329144453,-0.14828496688658124
-0.011831299513217826,-0.013312460622808848,-0.11533191905770987,-0.13479223325027592
-0.014497309381185573,-0.011895299071791836,-0.14226713346311953,-0.12129257221282398
-0.016345287044529536,-0.010607600946358134,-0.16102217325848045,-0.10895112999729464
-0.017295104090647953,-0.009535247793731083,-0.17077431755112074,-0.09860013904958882
-0.0173215979089018,-0.008724393536186243,-0.17125622160913342,-0.0906847057644948
-0.016453643297855956,-0.00817964906181326,-0.16274695698941408,-0.08524558461340226
-0.01476996605367996,-0.007866126256156859,-0.14603066206772136,-0.0819396100229099
-0.012392170619422771,-0.007715123833001523,-0.12232736625064966,-0.08009560120415114
-0.009475614048380935,-0.007632939723357744,-0.09320181907834317,-0.07880085142162908
-0.006198863094183159,-0.007512037526430318,-0.060457187547740016,-0.0770108375654582
-0.002752515496398697,-0.007243598024264287,-0.026021225488932005,-0.07367272356992445
0.0006718492789434456,-0.006730366827148943,0.008167208299597432,-0.06785185134176845
0.0038918955294692313,-0.005898675810528003,0.04026378061355364,-0.058849960350195976
0.006743355784253632,-0.0047085724179607115,0.06861004010180848,-0.046304458729758496
0.009087027978845743,-0.00316113345527651,0.09180574008598942,-0.030259608711025277
0.01081368973489982,-0.0013022582605021415,0.10875935221568164,-0.011202775295100303
0.011846849479445472,0.0007774863167633405,0.1187159912688099,0.009938332451896863
0.012143419627303927,0.0029470810425080425,0.12126373740709093,0.03183843888141046
0.011692539852742333,0.005043112054418359,0.11632075563461415,0.05285534260617517
0.010512888438224545,0.006881136303539361,0.10410665658149905,0.07114316713058265
0.008648890071046494,0.008269539211509363,0.08510224583951043,0.08479016992887527
0.006166256358659175,0.00902484790099738,0.06000217941859811,0.0919708417201962
0.003147281753689118,0.008987319604662465,0.029665044589386055,0.0911006444202146
-0.00031373283622201584,0.008035570810846326,-0.004935035469412878,0.08098131294132326
-0.004114636020020959,0.0060990538677274326,-0.04275203085287077,0.0609251361803014
-0.008148967454804201,0.0031673223811110648,-0.08270483341182808,0.030847868952879453
-0.012308797594303643,-0.0007047541556521055,-0.12370661463872011,-0.008678252183842976
-0.0164868815754045,-0.005396378008914016,-0.16468729708297802,-0.05641755218121325
-0.02057823251573101,-0.010725028632875739,-0.20461060948698417,-0.11051319084834609
-0.024481286269776505,-0.016455342322208924,-0.2424875598311966,-0.16857813742299038
-0.028098867815422687,-0.022312167359419068,-0.2773880148707627,-0.22783003818122477
-0.03133917594353756,-0.027996971595203164,-0.30845160013703415,-0.2852607879108575
-0.03411697813872098,-0.03320651083158371,-0.3348986101052839,-0.3378279134104515
-0.036355155022815076,-0.03765247455747889,-0.35604130273425694,-0.3826526762680056
-0.03798665986246674,-0.04108072594217824,-0.37129596043970026,-0.41720960747071195
-0.03895687197219192,-0.04328875418440702,-0.3801963322692816,-0.43949391206916283
-0.03922623326211931,-0.04414006053036009,-0.38240924497762163,-0.44815614362191847
-0.03877297494256538,-0.04357439808016602,-0.37775293996189846,-0.4425967573693458
-0.037595676140919396,-0.04161306627173023,-0.366217836739119,-0.4230157843921079
-0.03571535598767306,-0.03835880381267249,-0.3479879959497796,-0.39041466517741996
-0.03317679131543494,-0.03399020419199453,-0.3234599295540074,-0.3465486451798594
-0.030048776285650794,-0.02875096813590159,-0.2932541688473082,-0.2938298743777194
-0.026423097567478144,-0.02293467893420758,-0.25821472125929656,-0.23518417235194822
-0.022412085434030306,-0.01686611209438994,-0.21939252272496096,-0.17386844637462176
-0.01814471062029498,-0.01088034613854252,-0.178011092456279,-0.11326034672534781
-0.013761319879181276,-0.005301107427302676,-0.13541528340412212,-0.05663573432576144
-0.009407229099416204,-0.00041984601795537566,-0.09300655610103487,-0.006951721630655789
-0.005225510121284947,0.0035230034943752064,-0.052169945244187346,0.033347247288744844
-0.0013494048211052671,0.006353269846942408,-0.01419854454348261,0.06248545139258077
0.0021051322309738876,0.007973737354296254,0.01977895786496451,0.07946340447503286
0.005046230834559144,0.008369537298767493,0.04886296287045517,0.08411070310457731
0.007411721835194346,0.007607866620144809,0.0724359562937349,0.07708220212510113
0.009173108102811503,0.005832062846178946,0.09020048197766908,0.05979888714057574
0.010337520045314625,0.003250463489575279,0.10219912827008763,0.034337692482461116
0.010947416166834013,0.00012084708638352855,0.10881404275456219,0.003277323838137759
0.011077945038728339,-0.003268434975977773,0.11074441915990564,-0.030489894729283276
0.010832054888245887,-0.006619294198260866,0.10896192914911133,-0.06396724830111794
0.010333607678249684,-0.009645230340196343,0.10464604271208751,-0.09426883629139067
0.009718912417841123,-0.012091638120409655,0.09910319418543169,-0.11882481129726635
0.009127224503932933,-0.013753664536363333,0.09367536059493686,-0.1355615603686422
0.008690852858242,-0.014490365849657441,0.08964454324790766,-0.14304413514081563
0.008525565880556463,-0.014234182011603539,0.08813986659107367,-0.14057160824419726
0.008721985611810205,-0.012995084413956002,0.09005372315874785,-0.12821969733292388
0.009338605740821999,-0.010859135782197996,0.0959728313388371,-0.10682849799168323
0.010396966052879996,-0.007981601065989292,0.10612933537192788,-0.07793642420368979
0.011879370415169857,-0.004575136472076662,0.12037607972237863,-0.04366466369228299
0.013729357708862588,-0.000893932445124296,0.13818875250461024,-0.0065597943096381995
0.015854938250625873,0.002785029465126537,0.15869561823826173,0.030594433484093048
0.018134406921245697,0.00618224642325152,0.18073318361746848,0.06498224240611479
0.02042435374186861,0.009036030445364383,0.20292374160738588,0.09396222366236567
0.02256932769537709,0.011121454805514824,0.2237688032570964,0.11525918495323036
0.024412483082571886,0.012266563325347195,0.24175131952199846,0.127127287597653
0.02580645971020016,0.012364699726274728,0.2554393936025769,0.1284732886451146
0.02662372516798032,0.01138209938778653,0.2635846567007513,0.1189323167285824
0.02676564161958591,0.009360230604814467,0.26520923933703594,0.09889218199205094
0.026169608766933743,0.006412751604423849,0.2596760068611207,0.06946540925204499
0.02481377254324874,0.0027173356959097495,0.24673738815252755,0.032411057012130394
0.022718965449557454,-0.0014970177864131488,0.22655892933356156,-0.009988760396862955
0.01994774605087663,-0.00596625070307273,0.1997149812489958,-0.055089685462406265
0.01660061676421707,-0.010409906461230741,0.1671558836331951,-0.10007220143196796
0.012809704642384831,-0.014550836214530205,0.13014853297342757,-0.14214127602511664
0.00873037374534802,-0.018134539067587645,0.09019488422240084,-0.17872333296257242
0.004531385893084046,-0.020946761427368624,0.048935152066563646,-0.20764542981440592
0.00038432784327137494,-0.022828115700552272,0.008043760139514836,-0.2272833308295456
-0.00354693041398247,-0.023684701178574817,-0.030873741987742453,-0.23666826630978363
-0.007115992929903391,-0.02349400349984316,-0.06637534008207872,-0.23554588198601614
-0.010202225660197524,-0.022305691911189016,-0.09726264773588081,-0.2243845606400741
-0.012717009747202976,-0.0202373007061312,-0.12264173445835523,-0.20433359713947624
-0.014607556859155026,-0.01746514621579895,-0.14196137838203782,-0.17713462809352237
-0.015858074309755506,-0.014211167485096253,-0.15502677414650937,-0.14499244768131805
-0.016488273065726783,-0.010726663459499249,-0.16198818527035466,-0.1104140034463755
-0.01654941537602181,-0.0072741122610615406,-0.16330572956176226,-0.07602682846945451
-0.01611828474409588,-0.004108384400763631,-0.1596933750129536,-0.04439004392214581
-0.015289614857967952,-0.0014586933315124785,-0.1520470568485846,-0.017811898918136598
-0.014167623993224005,0.0004874377920516506,-0.14136326503862637,0.001812686551931677
-0.012857358904242784,0.0015970694258731516,-0.12865521740655542,0.01313290567408501
-0.011456553061721683,0.001800709153240587,-0.11487372318780474,0.015432248642360154
-0.010048648506563276,0.0010965507058034044,-0.10083914129257354,0.008672370227198004
-0.008697523262179303,-0.00045017132273887796,-0.0871896416901577,-0.006511784652427946
-0.007444315964104762,-0.0027126204824283115,-0.07434948036600406,-0.02886482815737104
-0.0063065583138216625,-0.0055121597714806805,-0.06251931968497429,-0.05660787775499736
-0.005279628770224977,-0.008631776703969894,-0.05168882467390858,-0.08757270401550789
-0.004340343472289968,-0.011832141729769308,-0.04166990090483115,-0.11936335079459033
-0.00345231868716765,-0.014869130348004054,-0.032147134255784485,-0.14953321116196502
-0.0025725878179125887,-0.017511544702743617,-0.022740440628859934,-0.17576421547541524
-0.0016588475092989348,-0.019557766538845757,-0.013073841060308258,-0.19603473810054955
-0.0006766506099611448,-0.020850159595356847,-0.0028437789504665214,-0.20876408409034972
0.0003941364554274525,-0.021286208919522105,0.008119497666604882,-0.21292368499755318
0.001554237608448927,-0.02082562447335216,0.0198033491443093,-0.2081079387106895
0.0027817485171199863,-0.019492929193391816,0.03198181070410941,-0.19456053769643883
0.0040311577547352834,-0.017375376198751943,0.044205862608156204,-0.17315492846175123
0.005234783704243872,-0.014616372924478675,0.05581685405015215,-0.14533026191403123
0.006306599171589683,-0.01140490799795514,0.065983138927698,-0.11298696480983017
0.007148210118927918,-0.007961757357493167,0.07375787577276237,-0.07834891808521256
0.007656564328823816,-0.004523469942488798,0.07815383570637553,-0.043801954588830926
0.007732805641554865,-0.0013252849364352036,0.07822926638762431,-0.011720551020276007
0.007291572930285799,0.0014157981109940685,0.07317768027102456,0.01570428700161572
0.006269980188155334,0.0035165921901269604,0.062414029225927564,0.036623137885005826
0.004635510923965942,0.004840836656214794,0.045650037075109555,0.049660903860930146
0.0023921178637340357,0.005308928851665398,0.02295226571500234,0.05401511871741904
-0.00041606561075219455,0.004903593331162355,-0.005222447579623641,0.049513468756742486
-0.0037038306291950524,0.0036710979317107926,-0.038018323010524414,0.03662691427734206
-0.007347039711464356,0.0017179413338058787,-0.0742014086403949,0.016437486454080684
-0.01118781407550313,-0.0007967440681341017,-0.11221053650378218,-0.009437415095792963
-0.015042527395406772,-0.003672529531658594,-0.15023675419058896,-0.03895946054223092
-0.018712150591316538,-0.006681961873927935,-0.18632670524539355,-0.06981475992125734
-0.021994299024744188,-0.009586760367665153,-0.21850274512194026,-0.09957960077906582
-0.024696183595156386,-0.01215479648368845,-0.24489065272062746,-0.12589407120480478
-0.026647572760940135,-0.014176661886518553,-0.263845114081329,-0.14663048944827445
-0.027712841560342004,-0.015480661042942807,-0.27406379592864577,-0.1600444232632444
-0.02780121980897727,-0.01594517664874247,-0.2746824080298613,-0.1648981051207272
-0.02687445342173133,-0.015507540734265905,-0.2653450113435169,-0.1605486397914953
-0.02495125402391354,-0.014168788717615616,-0.2462453728182734,-0.14699596894905056
-0.02210812202163266,-0.011993960729870278,-0.21813620289085253,-0.12488780905832128
-0.018476372743815892,-0.009107924284843662,-0.18230394424591972,-0.09548082424110477
-0.01423545711859646,-0.005687003383919954,-0.14050802442639482,-0.060559508367428884
-0.009602929111056743,-0.0019469900173713116,-0.09488566599783504,-0.02231695270450907
-0.004821653195504194,0.001871635202491582,-0.04782652091362338,0.01679516189678753
-0.0001450490352862068,0.005520252993762166,-0.0018250019382739415,0.054236868215856236
0.0041786776676428754,0.008759282497191613,0.04067875070725143,0.08755767603305732
0.007922280925217842,0.011374797591760372,0.07745674649294339,0.11456807850060621
0.010894141871283973,0.013193431655541422,0.10663769174280402,0.1334919373417982
0.01295085781852389,0.014094536090900023,0.1268280440368325,0.1430891674484148
0.014006877575861266,0.014018744972351387,0.13720225510235565,0.14274114433515112
0.014040494047791065,0.012972343337061404,0.1375576063665304,0.13249421915237491
0.013095741077067142,0.011027123182255709,0.128331055891851,0.1130592090316532
0.011280011166660544,0.00831571964447057,0.11057686699319522,0.08576678775836984
0.00875749588667252,0.005022729145512613,0.08590504850549072,0.05248074412069521
0.005738832016614941,0.0013722004991895214,0.056382485114811594,0.015473526539960196
0.0024675945371792542,-0.0023876605362987495,0.024401380603756535,-0.022728565553324004
-0.0007955052893542624,-0.006001539920275532,-0.0074770559343718766,-0.05952016099738106
-0.003789697354587213,-0.009224660730274928,-0.03669274450457651,-0.09239883365960447
-0.006271392335243115,-0.011839823787485998,-0.06085801027107311,-0.11914066701080257
-0.008030450225123898,-0.013672678166250387,-0.07791739729882834,-0.13795642758280677
-0.008904400156732583,-0.014604171281449545,-0.08628515953430779,-0.14761760115337166
-0.008789661826189007,-0.014579314490620172,-0.08495222179639082,-0.14754447902585552
-0.0076490106873478925,-0.013611645161422624,-0.07355702695290232,-0.13785139236937535
-0.005514772219613054,-0.011783053553330527,-0.052416677592512416,-0.11934664384143631
-0.00248750888916185,-0.009238953409156401,-0.02251618397779986,-0.0934867476731266
0.0012697415700193711,-0.006179088049951485,0.014544956961825877,-0.06228670297155951
0.005541325841323556,-0.002844558048731563,0.05664748666661944,-0.02819063263593483
0.010072312209080028,0.0004980875105957161,0.10128387424365638,0.006089715236682553
0.014584455268072598,0.0035746537862759204,0.14571823034244444,0.03775786090332685
0.01879376415183207,0.006121823162204797,0.18716289537402356,0.06412365397493593
0.022428543222832494,0.007905171200831358,0.22295806158803574,0.08278834058377628
0.025246741156515113,0.008735476409048775,0.250741066272396,0.09181040321719067
0.027051487514997582,0.0084822325902246,0.2685942329317317,0.08984137060281931
0.02770381234085061,0.007083453222302884,0.2751633597106909,0.07622387366977487
0.027131726272351275,0.004551098761255542,0.26974191304217493,0.051047045588635154
0.025335074156758862,0.000971744015798239,0.2523178257852501,0.015156451669052402
0.022385848599746443,-0.00349758522461712,0.22358051109850371,-0.02988273142821468
0.018423943373022143,-0.008638160022670743,0.18488609541100054,-0.08186890640758272
0.013648620891812391,-0.014182333190369751,0.13818008457044806,-0.1380907295734783
0.00830624386947742,-0.019829548728669783,0.08587947228248072,-0.19549079926732932
0.0026750608353190886,-0.025264551733823238,0.030720547847281288,-0.25085575130931154
-0.002951977013766861,-0.03017663071656837,-0.024416715419202942,-0.30101859027190436
-0.008285266198210822,-0.03427865736312612,-0.0766933567571256,-0.34305731901249853
-0.013056314831461037,-0.03732470324440083,-0.12348985864884864,-0.3744746656151493
-0.01703408868184595,-0.03912510774630045,-0.1625647242256567,-0.3933467487746503
-0.020038903549268527,-0.039558040083936645,-0.19218339895733014,-0.3984328264639002
-0.02195299000705493,-0.03857682928926683,-0.21121205574276025,-0.3892424346240653
-0.022727074176935154,-0.036212613989838986,-0.21917414602469998,-0.3660591437164829
-0.022382577163479005,-0.03257216999175086,-0.21626931096492663,-0.32992154895250403
-0.021009319108126468,-0.02783108767032466,-0.20335452744985072,-0.28256255665302604
-0.018758903073713303,-0.022222772029652164,-0.18188731449739795,-0.22630862710246394
-0.015834230393034124,-0.016024006046934512,-0.1538316776836905,-0.16394233837916888
-0.012475844895970508,-0.009538034902984448,-0.12152989534371988,-0.09853470650744131
-0.008946002837534734,-0.0030762807415143103,-0.08754697186359547,-0.033257515442383076
-0.005511505743238252,0.0030601250379189474,-0.05449849087912881,0.028810747753630246
-0.0024264060216890033,0.008597806915703717,-0.024875309819881244,0.08487013349344201
8.43042395711753e-05,0.013306503345986263,-0.0008790720542501811,0.13256119218362386
0.0018389819915086542,0.01701136646625913,0.015719237658540303,0.1700921632498577
0.0027106979076858225,0.019601466859499594,0.02368875456223944,0.19632411651775977
0.0026349705604567612,0.021034028219106757,0.02241091198009669,0.21081105889629914
0.001613403005856047,0.0213342067407677,0.01191202398455081,0.2137954547985808
-0.0002869773969246398,0.020590528721299888,-0.007144077814738785,0.20616190074955107
-0.0029385962428136437,0.01894638687274517,-0.03350243971352896,0.18935316792673737
-0.006162075087766285,0.01658825191635727,-0.06540021801057683,0.16525410046839495
-0.00973824206873828,0.013731464050776724,-0.10068265673385152,0.13605041310245286
-0.013422605907239656,0.010604615284846559,-0.1369451366880635,0.10407130784186239
-0.01696133683264315,0.007433609142995952,-0.17169187730590502,0.07162660011943223
-0.020107709136664948,0.004426484611614801,-0.20249982489616952,0.040850062963763395
-0.0226379400067652,0.0017600173429442461,-0.22717564171853205,0.013560451294833048
-0.024365408803596462,-0.000431030873701367,-0.24389474722068352,-0.008849955614114535
-0.025152356300113275,-0.002061342820854649,-0.25131367751754385,-0.02549212885445075
-0.02491833654081414,-0.0030987275347060593,-0.248649857537774,-0.036018352779463234
-0.023644913108302256,-0.0035638916178412777,-0.23572547434221724,-0.040620582594460726
-0.021376341939367893,-0.0035264132947081146,-0.21297412410341562,-0.03999072245803422
-0.018216247677797948,-0.0030972942104576344,-0.18141039426132685,-0.03524663212219804
-0.014320562289805088,-0.0024186952682247664,-0.14256397674805016,-0.02782956445531292
-0.009887236013709609,-0.001651647848611073,-0.09838171518233055,-0.01938046080385156
-0.0051434358384832525,-0.0009626583591741227,-0.05110327317919082,-0.01160402714344846
-0.00033110228144846767,-0.000510184293402503,-0.003118546308372219,-0.006130539258063434
0.004308168675403685,-0.00043195068854464514,0.04318308554304599,-0.004385581870538018
0.008547920929603423,-0.0008339988502767651,0.0855606491289379,-0.007477235347946221
0.012190349490216898,-0.0017822209976544943,0.1220560152849245,-0.01610863607783298
0.015077666221013437,-0.00329694583064511,0.15110589915770525,-0.030521622207854412
0.017100615275678747,-0.005350915085157673,0.17162477349642688,-0.05047469750640003
0.018203635422593685,-0.007870746403540864,0.1830545501495033,-0.07525610246315856
0.018386399837259353,-0.010741730923447825,0.1853791846882611,-0.10373051700138475
0.017701712544901254,-0.013815582334996005,0.1791043680308322,-0.134415837272231
0.016249987445670334,-0.01692055383716235,0.16520432598662738,-0.16558453869705128
0.01417076390350657,-0.019873183975029338,0.145039628402223,-0.1953824087500533
0.011631906766288927,-0.022490831841379913,0.1202518397865063,-0.22195608582369153
0.008817285393024179,-0.02460412254379708,0.09264262540154329,-0.24358013077070556
0.005913816111971333,-0.02606844666655212,0.06404621663299252,-0.25877449186360224
0.0030987798349403693,-0.026773739698497365,0.036204618824898165,-0.2664042382722163
0.0005282899987734559,-0.026651901872444244,0.01065448403794631,-0.26575515574812175
-0.0016723112563075905,-0.02568139480875446,-0.011366711467326752,-0.25658089667673645
-0.0034155013558429394,-0.02388875529650405,-0.028989354491783356,-0.2391195173303981
-0.004655635545360975,-0.021346983320354226,-0.04175142996956323,-0.21407919742074463
-0.005389801793357906,-0.018170975354439657,-0.049607492999729996,-0.18259467190518228
-0.005655492497846857,-0.014510369922609855,-0.052907011850981026,-0.14615748806663828
-0.005525342305929548,-0.01054033710326272,-0.05234414457916049,-0.10652471732302708
-0.005099389863080055,-0.00645096631840453,-0.04888294950675751,-0.06561218393290105
-0.004495494406309937,-0.0024359800348865463,-0.04366388481764662,-0.025379460852051103
-0.0038386636381280265,0.0013184786229120968,-0.03789900320898844,0.012285424874757263
-0.0032501185634297852,0.00464426847552888,-0.03276422041018643,0.04567366242566142
-0.0028369293169135533,0.007400247621792742,-0.029297227919292405,0.07334861542036371
-0.002683003239385245,0.009479331057454212,-0.028308990006078148,0.09421849001363991
-0.002842096780313518,0.01081324550463275,-0.030315447689179386,0.10758505356323021
-0.0033333645244932584,0.011374787926858705,-0.035494287955037736,0.11316674726358615
-0.004139763581503991,0.011177568918493381,-0.043669663514347846,0.11109636288376264
-0.005209414202866343,0.010273389180896538,-0.054325724652553906,0.10189497850011416
-0.006459793861932872,0.00874754490678529,-0.06664781642813078,0.08642507252692108
-0.0077844286271867786,0.006712476350718593,-0.07958823031223684,0.06582672239145729
-0.009061558182020726,0.004300256088030317,-0.09195154566314108,0.041441586222242435
-0.010164103065441632,0.001654455477715403,-0.10249299905530895,0.014729934735435376
-0.010970165461806304,-0.0010780710497213205,-0.11002218227178849,-0.012813745936722624
-0.011373255251551145,-0.003754981559425302,-0.1135038808076408,-0.039741223345078715
-0.011291453887641219,-0.006245390061033897,-0.11214811491509312,-0.06472232821954763
-0.010674808352072537,-0.008435621594910216,-0.10548238778266981,-0.08660440647391018
-0.009510379987937563,-0.010233554581368917,-0.09340061930538246,-0.10445700975887322
-0.007824548496043865,-0.011571444077786193,-0.07618504474517862,-0.11760077970619998
-0.005682376747307684,-0.012407233876419026,-0.054499312988503364,-0.12562072514272515
-0.0031840619925257775,-0.01272446698304159,-0.029353024639645238,-0.12836510324473988
-0.00045871716589124695,-0.012530985638635098,-0.0020399500526053,-0.12593185403239832
0.0023440739722691123,-0.011856668572141599,0.025945900675812213,-0.11864501914355309
0.0050643170312839264,-0.01075048202513347,0.053010437706944843,-0.10702383758034231
0.007542550048992184,-0.009277122337180711,0.07756858321445168,-0.09174727930116755
0.00963086977313514,-0.007513504110921027,0.09815417866093938,-0.0736166560936747
0.011203233845727965,-0.0055453039500273586,0.11352247540587607,-0.053518631121857146
0.012164283932047751,-0.0034637118882686435,0.12273758736797066,-0.032390440198591657
0.012456043302963389,-0.0013624782919533461,0.12523852195995958,-0.01118848067491966
0.012061998821369917,0.0006647191460377295,0.12087908713958598,0.009139298764731147
0.011008269980560426,0.0025266185608600104,0.10993890353598942,0.02767744997257196
0.00936178216416879,0.004136498059994872,0.09310478088639042,0.043564277696435366
0.007225581587161449,0.005414173832884504,0.07142375478707953,0.05601132612540259
0.004731638960294398,0.006287966795271946,0.04623105693316191,0.0643221386804004
0.0020316721444397566,0.006696713634207413,0.019058121341637323,0.0679110956894737
-0.0007133387226043481,0.00659186164464202,-0.00847272906610905,0.06632273239633052
-0.003344177551599013,0.005939637053918224,-0.03475919332179272,0.059251455552088314
-0.005714158817484714,0.004723219745027779,-0.05832732490735436,0.04656108155534225
-0.007698857659680422,0.002944800514377596,-0.07792936150366611,0.028303153464827292
-0.009204109375294754,0.0006273476044417074,-0.09262404965147136,0.00473257404666891
-0.010171717836496296,-0.0021841258661197053,-0.10183391740438807,-0.023681268929490684
-0.010582487082813043,-0.005422017074724723,-0.10537574958746133,-0.05624997226780791
-0.010456392667852225,-0.00899652596985939,-0.10346249334758957,-0.0920703589196383
-0.009849923841390237,-0.012797165348936443,-0.09667684172720548,-0.13003948666749657
-0.008850838018087795,-0.01669550966479679,-0.08591872954864942,-0.16888188408104907
-0.007570759299485867,-0.02054922310070114,-0.07233085339605128,-0.20718957296707954
-0.00613620875041385,-0.024207311151317752,-0.057207983778711696,-0.2434742577266973
-0.004678764050100425,-0.027516435530976453,-0.041897112714781665,-0.2762297884095913
-0.003325101985166205,-0.030328028596144332,-0.0276961987670373,-0.30400186284424896
-0.002187675156036745,-0.03250585005266241,-0.015759305396628377,-0.32546111735319777
-0.001356714832085288,-0.03393355466686802,-0.0070152527609124255,-0.33947535550378377
-0.000894140127677094,-0.0345217930377064,-0.0021056166654607198,-0.3451766415139657
-0.0008297986048623258,-0.03421435435047754,-0.0013462027136037034,-0.34201920602882574
-0.001160277360289695,-0.0329928840415819,-0.004714216866395399,-0.3298244295614087
-0.0018503212765303147,-0.030879771128005568,-0.011861424513031474,-0.3088095091856197
-0.0028366922483869946,-0.027938897123010613,-0.02215174635307006,-0.27959682581053386
-0.004034115617497781,-0.024274065424368663,-0.03472003214111348,-0.2432016643194819
-0.005342802265228543,-0.020025078536681354,-0.048547224902562164,-0.2009969686393407
-0.006656918914983903,-0.015361590024467915,-0.06254585859176333,-0.1546553213176787
-0.007873313922608966,-0.010475016852714968,-0.07564895312634455,-0.10607023683085387
-0.008899795907638265,-0.0055689434577699745,-0.08689503523795429,-0.057260887331242724
-0.009662308340689037,-0.0008485697312153007,-0.0955023349932242,-0.010266172379373443
-0.010110440605448958,0.0034901591760514304,-0.1009262017484197,0.03296474724638229
-0.010220856993981122,0.007271060593711973,-0.10289534369842833,0.07067791754371652
-0.009998398065683785,0.010347184025822815,-0.10142441829068821,0.10140891886336846
-0.009474799816133367,0.01260862122272592,-0.09680254455849265,0.12405994157407818
-0.008705169809649539,0.013988135445009755,-0.08955925812910615,0.1379549096386878
-0.007762540333011183,0.014464229217024479,-0.08041113907539357,0.1428695037314265
-0.0067309723203605905,0.014061440874850426,-0.07019373648074728,0.13903448510092264
-0.005697798106675419,0.012847849561953112,-0.059784457450434446,0.1271122396926788
-0.004745657012625245,0.010929962121574613,-0.05002275162274427,0.1081479877715732
-0.003944990277439008,0.008445339034832137,-0.041634156374332563,0.08349866663524015
-0.0033476201728188863,0.005553476100466414,-0.035164514075996245,0.05474404761935073
-0.002981945841149713,0.0024255814968172054,-0.030929893297822777,0.023586053565892426
-0.0028501531580719963,-0.0007660356174523795,-0.02898646022874698,-0.008256702454004134
-0.0029276688169057093,-0.003858225098177798,-0.02912285107473172,-0.03915162893348708
-0.003164903509568925,-0.006706196002807884,-0.030875656478163524,-0.0676447538571405
-0.003491140619616259,-0.009191033298113794,-0.03356664845876739,-0.0925366911820705
-0.0038202505604855437,-0.011225039330007121,-0.036358558847313975,-0.11293688835989724
-0.00405776109211616,-0.012754577537885317,-0.03832471757476249,-0.12829290437768545
-0.004108702776720899,-0.013760289570232074,-0.038526786682975725,-0.1383935072653425
-0.003885585192080252,-0.014254760111935987,-0.036094235520091625,-0.14334643092745017
-0.0033158487395050958,-0.014277900513417216,-0.030299107633452383,-0.1435335380643507
-0.0023481797066333913,-0.01389049721318273,-0.020620017070578776,-0.1395477813115967
-0.0009571691563842388,-0.013166510053337405,-0.006790149488516036,-0.1321176494115692
0.0008540683811134921,-0.012184797703673417,0.011174717647234053,-0.12202565761928431
0.0030535335964393933,-0.0110209849798264,0.03297059298809925,-0.1100278328046124
0.00558227100738207,-0.009740166600513403,0.05802266600744435,-0.09678101166696393
0.008358432673291276,-0.008391065214955607,0.08552443879097107,-0.08278410016981917
0.011283147491051358,-0.007002134227375169,0.11449547439243803,-0.0683382588823132
0.014247718796208642,-0.0055799280595124736,0.14385303021909107,-0.05352935756879615
0.01714156436027137,-0.004109867400582239,0.17249163019869837,-0.038234110242002725
0.0198602523367134,-0.002559320402332215,0.1993639451315543,-0.022149228521428067
0.022312979321595275,-0.0008827194805493128,0.22355627226356917,-0.004840907172418465
0.024428883173357004,0.0009717460728202021,0.2443524333283147,0.014189835411919482
0.02616167987543548,0.0030544641278655894,0.2612809709697263,0.03543184765642691
0.027492252688040675,0.00540645660438656,0.27414198653633176,0.0592853776730489
0.028428991777178354,0.00805189191862969,0.2830116726831138,0.08598765010537004
0.029005869491379017,0.01099176123341766,0.28822440243785236,0.11554952420674341
0.02927842507732884,0.014199342481529159,0.2903340157968658,0.14770955092432672
0.02931800727449439,0.01761793809854446,0.2900575910800984,0.18191048514380173
0.02920476936776292,0.021161191117147756,0.28820640492980776,0.21730154709263086
0.029020016640197467,0.024716073916887012,0.2856098701442613,0.25276756164530045
0.028838561783578284,0.02814842124011808,0.28303888735256877,0.28698371143208307
0.028721744774466335,0.03131066207802075,0.28113516191494886,0.3184922694156904
0.02871171957683671,0.03405121151813036,0.2803525739680791,0.34579561444551116
0.028827504913558642,0.03622482981957884,0.2809156718810511,0.3674583332179875
0.029063148635532835,0.03770315508193396,0.28279888969856415,0.38221042882483397
0.029388176885482526,0.03838457707093723,0.2857283256955681,0.38904360832494694
0.029750304924611,0.038202647369450185,0.28920603722454075,0.3872932060149772
0.030080192252087176,0.03713231406379677,0.2925549613665958,0.3766993495915604
0.030297846743381724,0.03519342140401492,0.29498087821663405,0.35744234227637267
0.030320136028609942,0.03245111518606914,0.2956463812799835,0.3301488336858463
0.03006876185970791,0.029013027854961744,0.2937506902160694,0.29586717727098827
0.029478003911100472,0.02502336550018625,0.28860843363443844,0.25601243816934044
0.028501548168111488,0.020654262510572497,0.2797203555975575,0.21228378808560694
0.02711778188569257,0.01609498923521453,0.2668293534589714,0.16655936246545172
0.02533305734269181,0.011539775735246723,0.24995636886162392,0.12077580700335204
0.023182591082851964,0.00717513584121739,0.22941236205202153,0.07680139510017354
0.020728861038012664,0.0031676297654982463,0.20578473228938246,0.03631247802542904
0.018057575103000382,-0.0003470148547756577,0.17989886169275418,0.0006829766841025754
0.015271494073388606,-0.0032725940374379687,0.15275769690086669,-0.029104359251526272
0.012482581922800353,-0.005558257625415347,0.1254642209820952,-0.05251796392224305
0.009803111022162804,-0.007201016538220967,0.09913315601882638,-0.06950409023588343
0.00733645554452563,-0.008244714877287352,0.07479919454237874,-0.08047802559071691
0.005168353175231094,-0.008775524074520681,0.05332945380600657,-0.0862805335468147
0.0033593982000847027,-0.00891428440683141,0.035347671291704644,-0.08810276088060362
0.0019394480350801878,-0.008806264971032342,0.0211769136317824,-0.08738520753564502
0.0009044854634420049,-0.008609117055173799,0.010806273611828638,-0.08569833859544629
0.0002162903185996839,-0.008479941264927479,0.003885239384890853,-0.08461387656899785
-0.00019494868286701035,-0.00856246369986002,-0.00025274985935607743,-0.08557661259550953
-0.00042519148047820475,-0.008975314286658195,-0.002538428514801322,-0.08978662104402911
-0.0005886214450800203,-0.009802320444476199,-0.004089765972602552,-0.09810102730306679
-0.0008078023697199423,-0.011085577096335895,-0.0061154143886427755,-0.11096301682818205
-0.0012026604808573502,-0.0128218409314224,-0.00980580720608982,-0.12836370545289108
-0.001879157484009737,-0.014962538984686833,-0.016220465127588967,-0.14983997895542847
-0.0029185779383784863,-0.017417398957361704,-0.026180728256225146,-0.1745086347248541
-0.004368339278473627,-0.02006142334811411,-0.04017708879567959,-0.20113430935861246
-0.006235144820746169,-0.02274466393422147,-0.058299505867364126,-0.22822595379847166
-0.008481144110598977,-0.02530402863028323,-0.08019754960526228,-0.2541542389168353
-0.011023551444815047,-0.02757618741953317,-0.10507502460945348,-0.27728046444027554
-0.013737917558961341,-0.029410551554436268,-0.13172103048988315,-0.29608650836267214
-0.016464970159465825,-0.030681288576064593,-0.158576480606528,-0.30929523512956586
-0.01902065731326645,-0.03129740658857841,-0.1838322196417476,-0.31597161525949574
-0.021208765439913298,-0.031210089792163585,-0.20555234853721358,-0.3155965042599669
-0.022835261512349818,-0.030416682447944536,-0.22181440292591167,-0.30810737542657884
-0.023723345149326575,-0.02896098373150579,-0.23085674584597887,-0.29390302051316075
-0.023728104576711744,-0.026929810672391308,-0.23122291716935092,-0.2738120431642539
-0.022749659719674718,-0.024446087346890712,-0.22189264502509362,-0.2490276506134535
-0.020743748746293554,-0.02165900170296173,-0.2023896793526015,-0.22101366719493812
-0.017728867698336766,-0.018732013997303093,-0.17285753288776579,-0.19138879071073542
-0.0137892967650993,-0.015829682925879576,-0.13409568749768444,-0.16179785217446618
-0.009073626131404066,-0.013104381817374455,-0.08755098475762389,-0.13378013941357833
-0.003788709575871772,-0.010683998267986652,-0.035261873702226276,-0.1086455431265514
0.00181069749843287,-0.008661643530427072,0.020243123865097117,-0.08736915876341735
0.007436041126681952,-0.007088247011916318,0.07608726648849258,-0.07051383249426535
0.012781954947764374,-0.005968687303776326,0.12921835134367501,-0.058187918066899144
0.017545043624970648,-0.005261831137676537,0.1765998635361539,-0.050042385466601585
0.02144322306082114,-0.004884537124210747,0.2154063423569702,-0.04530779717968953
0.02423430801094657,-0.004719356723513134,0.24320883207842156,-0.04286808064350897
0.025732560758523284,-0.004625356426851584,0.25813783196713846,-0.04136497005436655
0.025822029218209957,-0.004451217529573032,0.25901362223070734,-0.03932474935372492
0.02446570217174359,-0.004049565241575707,0.2454364819499346,-0.035297500500619174
0.021709780048743084,-0.0032913546757799656,0.2178315801784821,-0.027998239800450506
0.017682683213319932,-0.0020791088697681,0.17744510579115924,-0.016438889425427324
0.012588773587164774,-0.0003578677624630134,0.12628988340074612,-3.9953889109759465e-05
0.006697124774463761,0.001877136211375228,0.06704093735512348,0.02128869164799094
0.00032601525265996096,0.004576821086421315,0.0028847036052576107,0.047106908137920775
-0.006175885438528655,0.007639057714742753,-0.0626701853777399,0.07644932563360536
-0.012450437270928273,0.010914025422230973,-0.12600811024686084,0.10787802412558958
-0.018151708016926803,0.014213851861647997,-0.183631621695934,0.13957954058797964
-0.022967003538882303,0.017325916928727557,-0.2323789321807292,0.16949811931364778
-0.02663588391932088,0.020028889353379202,-0.2696172106492263,0.19549368940511813
-0.028965932278641977,0.022110318278001688,-0.29339858486793446,0.21551155941826147
-0.029844260174230527,0.023384441419873486,-0.3025704544083875,0.22775114698770424
-0.029244019211656164,0.023708810689766095,-0.29683625882155246,0.23082242904303432
-0.027225522762189622,0.02299838237062906,-0.2767661355189554,0.2238801884065991
-0.023931940972300458,0.021235871016919497,-0.24375866458176204,0.2067268777975086
-0.01957989144597217,0.01847741484067013,-0.19995575049713474,0.17987512710412557
-0.01444558214851095,0.0148529286599105,-0.14811374698637522,0.14456145488726768
-0.008847449274041254,0.010560905247911402,-0.09143612886317144,0.10270477063618648
-0.0031264517068549454,0.005857839148825119,-0.033376525381770876,0.056807499488663975
0.0023746790728593706,0.0010428580402237913,0.02257503295790937,0.009803353221412875
0.007331887650802047,-0.0035614755548930865,0.07310665083122488,-0.03513743677775186
0.011458640799513059,-0.007630914115479549,0.11528297008880649,-0.07482911612777511
0.014522002246122061,-0.010862320555101047,0.14671243857590166,-0.10629870086030438
0.01635497627223629,-0.012995881649270445,0.16567271270335945,-0.1270033390879242
0.016864430065341877,-0.0138351077594564,0.1711887194171844,-0.13502166228792556
0.016034215228634147,-0.013263103228620912,0.16306258332221532,-0.1292078925437802
0.013923437605053624,-0.011253821854299021,0.1418576799529554,-0.10930035433329997
0.010660148247246135,-0.007877351059700334,0.10884043269747588,-0.07597732110320694
0.006431024492578233,-0.0032986744361142195,0.06588394899765923,-0.030853553788172255
0.0014678586718665865,0.002230183135572945,0.015338356382378477,0.023587850609626718
-0.003968143154060988,0.008384252905943978,-0.04012545396782028,0.08412999455288787
-0.009603140071225813,0.014785134530999567,-0.09768910456438411,0.14701825620150283
-0.015167370927100507,0.021024693715792013,-0.15456451021043174,0.20820491019420287
-0.020410713365148568,0.026691394843753505,-0.20816193113832765,0.2636219995482544
-0.025116120474015492,0.0313975025625652,-0.25623463300953414,0.3094582704766475
-0.0291101554388627,0.03480529291759839,-0.29698949555545556,0.34241681622085934
-0.03227007898734767,0.03665045185016649,-0.32915760517155784,0.3599350213991499
-0.03452720762671706,0.036761005692004044,-0.3520238893966739,0.3603551672222754
-0.03586653274910211,0.035070414303982715,-0.3654188860265151,0.34303985639994683
-0.03632285172014541,0.03162384364976483,-0.36967806720018637,0.30842939071514386
-0.03597389361768486,0.026577094412971576,-0.3655748550001672,0.25803841695075375
-0.03493110870650673,0.020188164796171294,-0.3542332815761187,0.19438838755050367
-0.03332892025089341,0.012801933679923102,-0.33702602102947415,0.1208732252799147
-0.03131330273745293,0.0048289289515414035,-0.31546378668721053,0.04155981952224398
-0.029030549879813964,-0.0032804390146122216,-0.29108282954315773,-0.03906749053371913
-0.02661703178680063,-0.011064476753371171,-0.2653380217414047,-0.11640056647736187
-0.024190620903747243,-0.018079732440587793,-0.23950916321806154,-0.1860145526506497
-0.021844302189522498,-0.0239294643339262,-0.2146273238449773,-0.2439613276170253
-0.01964228877635299,-0.028289134472202028,-0.1914262331954262,-0.28702512243948247
-0.017618756091690165,-0.030927205676439338,-0.17032129960559933,-0.31292280084365226
-0.015779101542074177,-0.031719836300430994,-0.15141625205369147,-0.3204390921896994
-0.014103448957743035,-0.030658481568652255,-0.1345350351538676,-0.3094932994509684
-0.012551960642152925,-0.027849893826339487,-0.11927464141906967,-0.2811373982034661
-0.011071405635011248,-0.023508532815817385,-0.10507308351392107,-0.23748660266076474
-0.009602367546750215,-0.017941914892661958,-0.09128571703544944,-0.18158431547777235
-0.008086461818088347,-0.0115299107012371,-0.0772627087982526,-0.11720586254329227
-0.006472969094247178,-0.004699410702178994,-0.06242073630960053,-0.048610322751165363
-0.004724373271955749,0.0021039114096793035,-0.04630306164646162,0.019743823472549032
-0.002820411034884725,0.008444817374385648,-0.028623824007921392,0.08349774268271197
-0.0007603831703350313,0.013926728649518976,-0.00929441045057705,0.1386816505866723
0.001436366053645194,0.01821706033619741,0.011568335415663229,0.18197142507051928
0.0037317398531490384,0.0210679799972852,0.03365086700410091,0.21089405781560291
0.006071746554613663,0.022331233135983036,0.05646657959299305,0.2239701129530236
0.00839060231932758,0.021966095464433656,0.07939181785981379,0.22078756454933052
0.010615672255238759,0.020039992497573815,0.10171137612495837,0.20200591158658784
0.012672796286605278,0.016721835465462857,0.12267015641632932,0.1692923002651724
0.01449153958028594,0.012268623294905455,0.14152704074005537,0.12519357621420646
0.016009939788360354,0.007006318498047802,0.15760650692709616,0.07295103348014212
0.01717839034458464,0.0013063885055032392,0.170343418937397,0.01626872560585321
0.01796239331542727,-0.004440312944535999,0.17931701769270483,-0.040948984979341525
0.018344027603110005,-0.009850486245924259,0.1842714467383046,-0.09487087481337167
0.01832209819783739,-0.01457427650801222,0.18512190860266634,-0.14200171895404787
0.017911048986134662,-0.018318340081755813,0.18194733591400575,-0.17941423179827715
0.01713882529782256,-0.020864533236545094,0.1749718721866164,-0.20493374329978695
0.016043954352903445,-0.022082995810630574,0.1645382710498364,-0.21726469736658693
0.014672165656036767,-0.021938811426576367,0.1510765563206034,-0.21605342654588378
0.01307289543785136,-0.02049188717128231,0.13507112217889045,-0.20188597195618938
0.01129600861923098,-0.01789017645971089,0.1170291077828555,-0.17622290207194347
0.009389030537604136,-0.01435683506106821,0.09745248471575739,-0.14127579083989023
0.0073951135360220775,-0.010172319272573983,0.07681585932564171,-0.09983303576836446
0.005351877372645205,-0.0056527779638571194,0.05555145353525097,-0.05504633587535175
0.0032911656942192858,-0.0011263333626836474,0.03404203729070985,-0.010192946310632722
0.001239662739329787,0.0030910270272072817,0.012621765717469802,0.031568237442762395
-0.0007797758415308555,0.006718220788282063,-0.008415980278067817,0.06742766000713771
-0.002746298323578215,0.00952889466774068,-0.028805418139959828,0.09512534763249343
-0.0046390099641626555,0.011366924328832906,-0.04829210610587547,0.11310595277998707
-0.006434999126021231,0.012156537180366708,-0.06661621618771577,0.12061863847064944
-0.008107725992816664,0.011906401987597076,-0.0834980662196221,0.11775649327645465
-0.009626028538429364,0.010707467295731719,-0.09862849388596477,0.10543436225968515
-0.010953939683200868,0.00872477958788524,-0.1116662140754152,0.08530764172277176
-0.01205142847290817,0.006183939688070029,-0.12224354515749909,0.05963800524323278
-0.012876083975495195,0.0033532321998385626,-0.12998086939125658,0.031115461410043545
-0.013385661922521554,0.000522761689479587,-0.13450905492205154,0.0026494850390132297
-0.013541319894499337,-0.002017869427590441,-0.13549802848683107,-0.022855301488407167
-0.013311285706874204,-0.004001715952567782,-0.1326889509495165,-0.04272196140799568
-0.012674643174602632,-0.005204878290087679,-0.12592710409316596,-0.05470591160517801
-0.011624885476856611,-0.005463663338621487,-0.11519258558481237,-0.05716665928596725
-0.01017288254182989,-0.004687298051619541,-0.10062606170352502,-0.04919488997950082
-0.008348936311574877,-0.0028653009954197227,-0.08254698672732473,-0.03068668619925841
-0.006203654862625965,-6.90028445966061e-05,-0.06146183573903214,-0.002360122539750427
-0.0038074590465791863,0.0035528748818391322,-0.03806015570526285,0.034287142704291215
-0.0012486372604523976,0.007784252136100668,-0.013196851844414931,0.07707711992630267
0.001370022858812045,0.012356608157735129,0.012139743211117054,0.12330148043918063
0.0039358816690516964,0.016967718378226252,0.03687287884314557,0.16991196311050394
0.0063321214062086,0.021302880479597844,0.059892606455726825,0.2137369943978653
0.00844410245623977,0.025057131189653834,0.08011695003953088,0.25170769655855857
0.010165989687055456,0.02795689283398296,0.09655412217733643,0.2810758323685857
0.01140719829563821,0.02977953540548846,0.10836111480251748,0.2996077753262067
0.01209820389772397,0.03036949169533535,0.11489488490189029,0.30574175894942796
0.012195291374153731,0.029649808339506135,0.11575343375958297,0.2986994397679793
0.011683879608355248,0.02762833659082226,0.11080487849965329,0.2785462396187687
0.010580150434942112,0.02439814029791565,0.10020292888383112,0.24619756904514686
0.008930823339037063,0.02013209863478597,0.08438717703234477,0.20337012789376877
0.006811044409903492,0.015072079720631522,0.06406672836229096,0.15247974651419252
0.0043204893547509485,0.009513430957404936,0.04018641087756484,0.096490330565114
0.0015779062260200712,0.0037858475546586373,0.01387628869841191,0.0387225059046183
-0.0012855655140868165,-0.001768078819724967,-0.013612756437358467,-0.01736512002652292
-0.004133875198576269,-0.006815179741263871,-0.04098260448676719,-0.06840571249117747
-0.006833858055025509,-0.011053397151120194,-0.06696455020028352,-0.11134714033869728
-0.009262842977604097,-0.014231390035574774,-0.09039274236312848,-0.1436512624195958
-0.01131557682124675,-0.016164763606549087,-0.11026901987657042,-0.16345590268573093
-0.012910018148105298,-0.016747861104788934,-0.12581531935714285,-0.16969010498514228
-0.013991631929037603,-0.015960364769745265,-0.13651144034502777,-0.1621374291009967
-0.014535920923067767,-0.013868306554474201,-0.14211712374958765,-0.1414453544813341
-0.014549051612130931,-0.01061946621317524,-0.14267799287700833,-0.10908124203947914
-0.014066563671830533,-0.006433508615490072,-0.13851516803887431,-0.0672373260444415
-0.013150282442761403,-0.0015875582493357122,-0.13019873261874673,-0.01868958985613671
-0.01188367430463263,0.0036017961723280286,-0.11850605047033888,0.033381518399091224
-0.010365986668777116,0.008798849521327985,-0.1043672543910581,0.08559705271979184
-0.008705590396872577,0.013670123006761164,-0.08880173816695297,0.134597672087918
-0.007012987721491265,0.01790529720444882,-0.07285069131531861,0.1772577285214095
-0.005393960431126224,0.02123637812323337,-0.05751117999353114,0.2108796815440268
-0.003943310949626059,0.02345387648056683,-0.04367684347463641,0.2333556898164705
-0.0027395952427964913,0.02441899709831855,-0.03208913074398769,0.24328700905225994
-0.0018411657613849103,0.02407111552124585,-0.02330156316689451,0.24005582991807314
-0.0012837413201944499,0.022430142682451432,-0.017658203505078546,0.22384758264849483
-0.0010796067431747122,0.0195937231400241,-0.015286574426500353,0.1956242349962063
-0.0012184268724970847,0.015729554482182335,-0.0161046686219117,0.15705101713647335
-0.0016695458590874933,0.011063431911926918,-0.01984120375013102,0.11038091082086827
-0.0023855416975953787,0.005863891875767233,-0.026067657137540882,0.058303587969147065
-0.003306724778018321,0.0004245345157642961,-0.03423977509018746,0.0037682563171785623
-0.004366213200466209,-0.004954766029212396,-0.04374531410669593,-0.050207465027788264
-0.005495190139392526,-0.009986509155645917,-0.05395401502684828,-0.10072875443494979
-0.006627950844205414,-0.014412858944421507,-0.06426552112457885,-0.1452007973247579
-0.007706377881090527,-0.018020485788910662,-0.074151270307291,-0.18147948201551353
-0.008683539810744788,-0.020652057553603487,-0.08318725259909225,-0.20798605431961495
-0.009526185702868128,-0.02221372806134119,-0.09107569022727469,-0.2237798822429776
-0.01021599936526232,-0.022678257846842017,-0.09765488109283897,-0.22858708396086427
-0.010749575691947424,-0.022083707179606307,-0.10289743473696526,-0.22278579360153755
-0.011137179579218726,-0.020527943025608918,-0.10689785487778677,-0.20735117574775336
-0.01140043815179319,-0.01815947918539654,-0.10985094457312694,-0.18376515898955906
-0.01156919311227659,-0.015165403661385272,-0.11202293976671415,-0.15389753123933414
-0.011677796663244257,-0.011757324015335338,-0.11371768668014687,-0.11986666363389088
-0.01176116804789953,-0.008156369036132902,-0.11524055321071047,-0.08388958368602142
-0.011850936534872526,-0.004578317416701342,-0.11686301382343046,-0.04813207719094304
-0.011971980757715285,-0.0012198806583587553,-0.11879086264216339,-0.014569609946571676
-0.012139635660567156,0.0017529472785356526,-0.12113872704766795,0.015131069882794777
-0.01235778046966739,0.004213737420822482,-0.12391298992319627,0.039701699391797664
-0.012617948976131457,0.006081158460482985,-0.12700446854219694,0.058328295631093784
-0.012899522739776279,0.007320938132543755,-0.13019135735047274,0.07067054645820643
-0.013170984798712433,0.007944264323435575,-0.13315212165943283,0.07684523081298182
-0.01339213224272209,0.008002897343123412,-0.13548729290536732,0.07737668572884829
-0.013517076230515368,0.007581499449849589,-0.13674849322744567,0.07311953249262125
-0.013497802456880181,0.006787880141605196,-0.1364725238564627,0.06516063794500898
-0.013288027250670704,0.005741992688989839,-0.13421800894598734,0.05470857625774639
-0.012847066532923713,0.0045645897977768055,-0.12960192173667404,0.04297959793481426
-0.012143437394292272,0.00336644982926145,-0.12233335506014299,0.03108921941553762
-0.011157934176211162,0.0022390203622984837,-0.11224213228743841,0.019957965028736358
-0.009885960412401801,0.001247198664602337,-0.09930025763011215,0.01023854359689692
-0.008338951423272432,0.0004247889428007913,-0.083634725165849,0.002269928573100107
-0.006544785537709621,-0.00022704212798657918,-0.06553079055552165,-0.003938402501387373
-0.004547150139136412,-0.0007382306193840082,-0.04542541758970468,-0.008691238362510246
-0.002403897166487926,-0.0011653650024637753,-0.023891218574062414,-0.012563036939364086
-0.0001844867464837477,-0.0015847145348967316,-0.0016117935364585786,-0.016327896309343653
0.002033326763072456,-0.0020833301316619535,0.02065009015104647,-0.020870041803097338
0.004167368131485698,-0.0027489650273051923,0.04208959181640865,-0.027082339999668446
0.006135245886877658,-0.003659658865854042,0.06189997532308694,-0.035761335183463396
0.007858645314406266,-0.004873860828140224,0.07931355081841995,-0.04750762757549229
0.009267467403768262,-0.006421932622416419,0.09364110623613785,-0.06264005450841972
0.010303586179509149,-0.008299773108422401,0.10430774330250615,-0.08113113750995542
0.010924024277934562,-0.010465150189152167,0.11088331382190947,-0.10256970589840263
0.011103384184108958,-0.012837123766237628,0.1131059809320109,-0.1261546075444573
0.010835417301807114,-0.015298710757477718,0.11089778860850082,-0.15072108709838494
0.010133661881045515,-0.017702696465234983,0.10437151887777878,-0.17479889013011746
0.00903113068180036,-0.019880254083291356,0.09382856396540647,-0.19669861982591394
0.007579077254803452,-0.021651813725210606,0.07974803233779464,-0.21462056112415145
0.0058449134221044375,-0.022839440410801166,0.06276779760694652,-0.22677834384105275
0.003909388016371885,-0.02327985060765622,0.04365861246099464,-0.2315286439019803
0.0018631668510841423,-0.0228371291335483,0.023292674249611532,-0.22749770748291528
-0.00019702449712185222,-0.02141420798619699,0.002608115687898194,-0.21369576703280674
-0.0021725203917942176,-0.01896223663073124,-0.017429159426442863,-0.18961122945084558
-0.003966917697787058,-0.015487105173497825,-0.035864976782443964,-0.1552776663733275
-0.005490184177985054,-0.011052568781277803,-0.051796453678435474,-0.11130802426181459
-0.006662504926936964,-0.005779650750473268,-0.06441027397209548,-0.05889213902103826
-0.007417713839963774,0.00015774323034640881,-0.07301815764767773,0.00024427367839000057
-0.007706176420301554,0.0065408038396420716,-0.07708784588333702,0.06391836573419184
-0.007497013031584492,0.013116941452869322,-0.07626790996898336,0.1296027827666594
-0.0067795771181366205,0.01961338153167479,-0.07040493357094582,0.19456511911476362
-0.005564130188675094,0.025752380193891422,-0.059552123423677196,0.2560243957734518
-0.0038816838667303983,0.03126708639951358,-0.04396907168619966,0.31131302473404726
-0.0017830085239816246,0.035917022126528614,-0.02411304570704995,0.35803240771972267
0.0006631625577966405,0.03950216772227337,-0.0006226394016209495,0.39419143078982977
0.003372675413647178,0.04187472553280862,0.025705212684524293,0.4183192763595522
0.006249157673347507,0.04294778518985255,0.053943952126804195,0.42954655971566513
0.009187767892854722,0.04270031824707726,0.08307114698254109,0.4276512135751829
0.01207935474124026,0.0411781740261785,0.11200670494168148,0.41306746865769506
0.014814868111548056,0.038491015530162355,0.13965486421591916,0.38685776200198513
0.017289848074229515,0.034805405441466764,0.1649488788988507,0.3506487835569058
0.019408807184803673,0.030334508574903878,0.1868967281346098,0.306534530987225
0.021089318102045947,0.025325100779302185,0.20462559734271282,0.2569513620982788
0.022265622717564076,0.020042749589044884,0.2174225196849375,0.2045324425798534
0.022891591711807612,0.014756146777710236,0.22476857248446772,0.1519512024958456
0.0229428849137369,0.00972161953761317,0.22636441657188036,0.1017648487627066
0.022418192843539658,0.005168822352170376,0.22214564049811739,0.05626919414863989
0.02133947760047705,0.0012885178733673215,0.2122871460841144,0.01737495331948445
0.01975117548510446,-0.0017768006867169334,0.19719651145583245,-0.01348651828210055
0.017718372525650873,-0.003938899543053875,0.1774967907283785,-0.03542282087576832
0.015324015037291442,-0.005166102580323947,0.1539995566949427,-0.048103054862542696
0.012665267740679848,-0.005481853806438,0.12766924718575787,-0.05174351065775699
0.00984917885879785,-0.004959759456740866,0.09958014565530689,-0.04705893585979314
0.0069878520436389095,-0.0037155655476357684,0.0708676826388837,-0.03518376146010221
0.0041933561992259045,-0.001896730880743578,0.04267617976958673,-0.017569421256540273
0.0015726239167056458,0.0003295907542613023,0.016105587540147175,0.004134559964696779
-0.0007774044236922038,0.0027892526754061653,-0.007839932005745854,0.028206858272607233
-0.0027741417790141704,0.005313569461313086,-0.02829866445162819,0.05297859608072827
-0.004352994031772992,0.0077506332873877055,-0.044590554722517904,0.07694633721256168
-0.005470087165920179,0.009974709146810088,-0.056246763437344124,0.0988657025763436
-0.006103938848139133,0.01189308786418774,-0.06302801244948825,0.11781928406854564
-0.006255988129096152,0.01344998104684257,-0.06493088219774164,0.13325482006648037
-0.005949959797331207,0.014627274712358387,-0.06218192283639936,0.14499207006815562
-0.005230104886546128,0.015442200706905166,-0.05522008010994799,0.15319924562665674
-0.0041584219455714595,0.015942219023504,-0.044668512835741685,0.1583420626608842
-0.0028110209541347825,0.0161976123406998,-0.03129740474853242,0.16111038916984619
-0.0012738395444245275,0.016292461179124026,-0.015979851374468057,0.16232900903127612
0.0003620436186224769,0.016314781849560932,0.00035669188495010594,0.16286013004470232
0.002005233121867036,0.016346661751585743,0.016780628534397192,0.1635058377947289
0.0035687094350090767,0.016455214149212836,0.03240522022953735,0.1649186516801888
0.004974132845099137,0.016685098769745343,0.04643356984642831,0.1675276408662884
0.006155529477155948,0.017053221680922274,0.0581970859827627,0.1714862463013456
0.007062171644960082,0.017546048414402104,0.0671853932978889,0.17664614350682187
0.007660517043129854,0.018119752206026192,0.07306624129666814,0.18255933178478292
0.007935130818694187,0.018703190905270995,0.07569461996904356,0.1885083311181384
0.007888577340322025,0.019203479118916168,0.0751109686109509,0.19356209134694685
0.007540330335244289,0.019513713881566707,0.07152902781798431,0.19665314484546906
0.006924806933728858,0.01952223849404252,0.06531450026778501,0.19666982687321674
0.006088679411842867,0.01912270336980498,0.05695621553209469,0.1925561845479615
0.005087655092843663,0.018224114341184868,0.04703189571122297,0.18341158711454014
0.003982937873227518,0.01676005308094791,0.0361708547406943,0.1685820633969895
0.002837593115261792,0.01469631150726779,0.025016015138452762,0.14773598814026545
0.00171303120308647,0.012036297894178557,0.014187499384148178,0.12091783536205902
0.0006658049550877414,0.008823738094525822,0.004249783268936512,0.08857522363283063
-0.0002551156701322099,0.005142398220193347,-0.004315965684785841,0.05155632222249856
-0.0010104687617892958,0.0011127799280540062,-0.011133154217415054,0.011076808279111693
-0.001572148898427678,-0.0031140308969425396,-0.015943854939098893,-0.031342117694194885
-0.0019239503268928587,-0.007364964163887822,-0.018615386129109106,-0.07396078399765905
-0.002061622859212007,-0.011455428247676681,-0.019139493981719352,-0.11492710696001669
-0.0019923000473334187,-0.015200904254814874,-0.01762470766394691,-0.15239387399409168
-0.0017333931098936681,-0.018428849924784673,-0.014282872068446115,-0.18463846847705023
-0.0013110683258837144,-0.020990061253668254,-0.009411227799176218,-0.21017612523941423
-0.0007584390439376946,-0.022768673175780775,-0.0033716445178423246,-0.2278585193263177
-0.00011360588436347337,-0.023690074594706748,0.003431324058609655,-0.23695085905376184
0.0005823291489036007,-0.023726160668890994,0.010572021066778195,-0.2371824042740679
0.0012871655397960157,-0.02289753547436884,0.017623645865634363,-0.2287672132267038
0.001959338173564152,-0.021272496774054846,0.02417571422400417,-0.21239379467821598
0.0025594234308604293,-0.01896286532694598,0.02984853753114843,-0.18918418702972956
0.003051386761728916,-0.01611694683587389,0.03430458384573426,-0.1606248475774991
0.0034035675104285637,-0.012910118572898128,0.03725684054594416,-0.12847362589699018
0.003589419090315469,-0.00953369995367033,0.03847446671649264,-0.0946489191553767
0.0035880388708138537,-0.006182884693826913,0.03778612680431803,-0.06110864784276225
0.003384531112222373,-0.0030445732297048923,0.03508146335958793,-0.029727675986068285
0.002970247544441379,-0.0002859437135878296,0.030311209113626968,-0.0021825093361761984
0.00234294413423595,0.00195546139402524,0.023486447889667604,0.020148538557971867
0.0015068803998520251,0.0035794732654296983,0.014677484627479387,0.03626291957190261
0.00047287114300113175,0.004528363146209351,0.0040126535771695835,0.04558428796851589
-0.0007417180219353093,0.004788939190704271,-0.008322822042911342,0.04798308655487253
-0.002113057910019387,0.00439159258997828,-0.022088076711328983,0.04376674265227789
-0.003611067223559702,0.003406431667034746,-0.0369883828581697,0.033640986247311065
-0.005199799211076209,0.0019368488338214228,-0.05267809288900903,0.01864567130033741
-0.006838056961117276,0.00011104283367343826,-0.06876545000938608,7.013097403486129e-05
-0.008480285058824767,-0.0019278452698635845,-0.08481991024331881,-0.020645536941217138
-0.010077771241458951,-0.004032238875143225,-0.10038242589408078,-0.04201589081231667
-0.011580169867113126,-0.006060503465917256,-0.11497886460026485,-0.0626144746521192
-0.012937330978760108,-0.007886452491490451,-0.1281364296391177,-0.08116945906123281
-0.014101386784308273,-0.009407322886527257,-0.13940264628233737,-0.09664384593360184
-0.015029014345473131,-0.010549692942580385,-0.14836620432483236,-0.10829489924920696
-0.015683762380266184,-0.01127298318236396,-0.15467869868121298,-0.11570926444770464
-0.016038304604960814,-0.01157037205933454,-0.158076083889099,-0.11881222641694428
-0.016076465005098767,-0.011467157762473434,-0.15839846113707387,-0.11785154480872502
-0.015794854338234476,-0.011016789798408843,-0.15560667407744078,-0.11335815274610817
-0.015203963755452805,-0.010294964778858155,-0.14979414392704177,-0.10608761152532274
-0.014328581419318953,-0.009392317279350568,-0.14119246850999612,-0.09694750473660461
-0.013207431015562513,-0.00840632891560208,-0.13016957119351077,-0.08691686205870765
-0.011891975578895759,-0.007433120630203891,-0.11721961260809172,-0.07696416047315621
-0.01044438346636337,-0.0065597823184167766,-0.10294443815664357,-0.06797040902944679
-0.008934712068272233,-0.005857832194613704,-0.08802697239097579,-0.060663268558243194
-0.007437424709173915,-0.005378291480836927,-0.07319762320650905,-0.055567126618889996
-0.006027412540221988,-0.005148717278794165,-0.0591953641289926,-0.05297262939440803
-0.004775741415083986,-0.005172369719454717,-0.046725672320743226,-0.052927495022473195
-0.0037453794801534353,-0.005429512223336366,-0.036417875693831904,-0.05524864621299057
-0.002987180915987662,-0.0058806701212781535,-0.02878467638319531,-0.05955395482403548
-0.002536402397844136,-0.00647151665311236,-0.02418664892653845,-0.06531032628254321
-0.002410010147649468,-0.0071389285897695874,-0.022804347291313566,-0.07189358590928893
-0.0026049971307198815,-0.007817666028875736,-0.024620294409353823,-0.07865475464458337
-0.003097873719909783,-0.008447088693185367,-0.029412584767900672,-0.08498687912171028
-0.0038454241664829325,-0.008977327033058416,-0.03676113377800659,-0.09038663532990095
-0.004786739909288038,-0.009374379467319161,-0.04606679913648447,-0.09450544350000838
-0.005846454536346035,-0.009623702346782902,-0.05658273086117557,-0.09718576617484417
-0.006939020115725175,-0.00973198856051779,-0.06745643632861466,-0.09847953331359395
-0.007973786848870517,-0.009726983389668414,-0.07778023720311296,-0.09864714534922578
-0.008860583503797086,-0.009655349783077966,-0.08664711132895596,-0.09813712703763598
-0.009515450056007815,-0.00957875649608057,-0.09320841604672604,-0.09754811018092237
-0.009866150446576332,-0.009568508639951883,-0.0967297300420125,-0.09757627884650852
-0.009857094907378107,-0.009699159617330845,-0.09664105774015899,-0.09895259565105607
-0.009453328711913754,-0.010041626888838324,-0.09257791513208587,-0.10237494850663553
-0.008643296438183049,-0.0106563751956636,-0.08441033415557868,-0.1084407591223884
-0.007440164989457144,-0.011587226835472671,-0.0722575421530347,-0.11758556358557862
-0.0058815801374437066,-0.012856310047244884,-0.056486945865680004,-0.13003263041770144
-0.004027834260442114,-0.014460567712047342,-0.037697031630263604,-0.14575786125406912
-0.0019585302776088534,-0.01637012677206276,-0.01668484370293618,-0.16447307288693883
0.0002320689553136011,-0.01852868388704705,0.0056002266059738195,-0.18562934815420445
0.0024407227894351737,-0.020855906480683174,0.02811358303187337,-0.20844055240045106
0.00456156716276658,-0.023251692854482663,0.04977984933461618,-0.23192546412423795
0.006492728859247198,-0.025601992632171035,0.06956027646496071,-0.2549654221085021
0.008142761765979995,-0.027785770443806725,0.08651851015413183,-0.27637312190501334
0.009436471659803852,-0.029682610443720073,0.09988016162368288,-0.2949673536035736
0.010319730707420798,-0.0311804132484591,0.10908206930024172,-0.3096481459572525
0.010762945900199081,-0.03218263327843486,0.11380790112460099,-0.3194669637364533
0.010762933135752608,-0.032614543013358886,0.11400772288451103,-0.3236872060246493
0.010343054846428414,-0.03242808774273205,0.10990024073593993,-0.3218311369426091
0.009551596759359628,-0.031605003446508136,0.10195753299563481,-0.3137104159103937
0.008458480406184443,-0.030158002500504415,0.09087317059772634,-0.2994384963055825
0.007150523862815448,-0.028129976322345623,0.07751566554705665,-0.27942429868531016
0.00572556560956795,-0.025591309417806084,0.06287016030171128,-0.25434773833577284
0.004285847920900874,-0.022635534243892468,0.04797213233856587,-0.2251188863669369
0.002931110777288724,-0.019373670592433827,0.03383755988334714,-0.19282371124574357
0.0017518707460993323,-0.015927678369327705,0.0213943828246527,-0.15866037026066784
0.0008233495907022914,-0.012423502733949527,0.011420116318911561,-0.12387075412692979
0.00020047487819039098,-0.008984202522938694,0.0044900963958848005,-0.08967230525262922
-8.569773520112943e-05,-0.00572362677863456,0.0009400796405300869,-0.05719496545042928
-2.988866718512833e-05,-0.002741043154759471,0.0008458599541384323,-0.027427481564012025
0.0003473105815028842,-0.00011703184747317964,0.004021313998655586,-0.0011763042744694695
0.001001160575203087,0.002089152413564817,0.01003495794308324,0.020960901920922245
0.0018661962757610183,0.0038406702734470302,0.018243792178149386,0.03860641313262875
0.002861109357373914,0.005122683078866035,0.02784200875280061,0.05159878565419923
0.003894747455206225,0.0059405916100407465,0.03792110535473028,0.05997600696164148
0.004872807351508028,0.006317182412832371,0.04753715043465862,0.06394798692069906
0.005704748898527682,0.006289006447639747,0.05578043284995479,0.06386157078732237
0.006310439751445452,0.00590235450554906,0.06184255100262914,0.060161622001581344
0.006626059078103589,0.005209200406393703,0.06507617252508513,0.05335177848828485
0.006608840160892899,0.004263456883051895,0.06504321584697136,0.04395822776456872
0.006240313610348363,0.0031178335604677477,0.06154802716934752,0.03249929901984081
0.0055278189853505836,0.0018215073221332352,0.05465318488147983,0.019462890261261072
0.004504175403282689,0.00041872034049357873,0.04467678155263152,0.005292815505848411
0.003225532437098338,-0.0010516808795267858,0.03217133226586061,-0.009615836321587959
0.0017675518536558446,-0.0025558514596435832,0.01788575769525131,-0.024913198435410098
0.0002201892568797275,-0.004063872794300584,0.002713107823377463,-0.04028468530037848
-0.00131855606353607,-0.005548237535676946,-0.012372261128799097,-0.055436963814329665
-0.0027494819433528644,-0.006982178652966392,-0.026383557312260667,-0.07008257938378407
-0.003979132465003524,-0.008338138673389596,-0.03839152191406008,-0.0839260862232886
-0.004926366357148394,-0.009586656735907825,-0.04759047949689064,-0.09665434116313402
-0.005528083893804447,-0.010695903419917245,-0.053355775115601224,-0.10793315031591283
-0.005743712559229719,-0.011632020765785109,-0.05528857478697201,-0.11741175046231894
-0.005558141054829119,-0.012360334093934309,-0.05324495587075626,-0.12473572550101943
-0.004982902224066439,-0.01284740150208959,-0.047347354811093395,-0.1295679812686072
